TEAM_ID,PLAYER_NAME,PLAYER_ID,TEAM_NBACOM,POS,ROLE,GP,MIN,POSS,PTS,REB,AST,STL,BLK,TOV,FG2_PCT,FG3_PCT,OREB,DREB,FG3A,AT_RIM_FGA,AT_RIM_FREQUENCY,AT_RIM_ACCURACY,MID_FGA,MID_FREQUENCY,MID_ACCURACY,THREE_FREQUENCY,THREE_ACCURACY,rTS,USG_PCT,BOX_CREATION,OFF_LOAD,FTA_RATE,OREB_PCT,DREB_PCT,AST_PCT,STL_PCT,BLK_PCT,TOV_PCT
1610612761,A.J. Lawson,1630639,TOR,SG,Combo,13,109,224,49,23,3,4,3,4,0.421,0.364,7,16,22,14,0.341,0.5,5,0.122,0.2,0.537,0.364,-1.4,19.2,1.2,23.7,0.22,7.1,16.6,3.8,1.8,2.7,8.2
1610612749,AJ Green,1631260,MIL,SG,Combo,52,1563,3257,533,136,108,29,5,43,0.488,0.423,14,122,364,13,0.032,0.615,30,0.074,0.433,0.894,0.423,7.1,13.2,1.6,17.9,0.088,1,8.6,9.2,0.9,0.3,9.2
1610612742,AJ Johnson,1642358,DAL,SG,Combo,30,230,492,72,32,23,7,0,19,0.333,0.259,8,24,27,35,0.389,0.4,28,0.311,0.25,0.3,0.259,-18.1,20.7,2.2,28.3,0.133,3.6,11.1,13.5,1.4,0,16.6
1610612743,Aaron Gordon,203932,DEN,PF,Big,23,642,1329,406,142,58,16,4,24,0.577,0.4,30,112,105,86,0.315,0.767,82,0.3,0.378,0.385,0.4,7.3,23.4,5.1,32.9,0.399,5.6,18.8,13.5,1.2,0.6,7
1610612745,Aaron Holiday,1628988,HOU,PG,Point,36,470,972,207,32,34,16,4,21,0.444,0.394,6,26,109,13,0.08,0.462,41,0.252,0.439,0.669,0.394,2.1,17.8,2.7,25.1,0.215,1.4,6.1,9.9,1.7,0.8,10.5
1610612754,Aaron Nesmith,1630174,IND,SF,Wing,33,991,2131,437,154,69,21,18,46,0.41,0.367,42,112,207,71,0.19,0.479,95,0.255,0.358,0.555,0.367,-2.9,19.5,2.3,25.6,0.239,4.4,12.6,10.1,1,1.6,10
1610612760,Aaron Wiggins,1630598,OKC,SG,Wing,44,1041,2199,455,150,80,42,23,61,0.503,0.377,28,122,204,108,0.276,0.583,79,0.202,0.392,0.522,0.377,-0.8,19.7,2.8,26.2,0.125,3.1,12.2,10.6,1.9,2.2,12.9
1610612762,Ace Bailey,1642846,UTA,SF,Wing,51,1351,2933,597,203,87,41,24,66,0.525,0.332,83,120,226,126,0.231,0.659,194,0.355,0.438,0.414,0.332,-3.4,19.4,2.1,25.3,0.093,6.6,9.8,9.3,1.4,1.7,10.4
1610612755,Adem Bona,1641737,PHI,C,Big,49,811,1721,215,203,16,19,63,36,0.609,0.4,89,114,5,112,0.842,0.643,16,0.12,0.375,0.038,0.4,8.5,10.6,0.3,12.7,0.579,11.9,15.8,2.6,1.1,7.2,17.7
1610612747,Adou Thiero,1642876,LAL,SF,Forward,17,98,204,25,18,5,5,2,4,0.474,0,7,11,1,13,0.65,0.538,6,0.3,0.333,0.05,0,-3.7,12.4,0.6,16,0.45,8.6,12.8,6.6,2.5,1.9,14.3
1610612760,Ajay Mitchell,1642349,OKC,SG,Wing,43,1129,2435,606,149,157,61,14,68,0.545,0.35,29,120,137,129,0.283,0.674,190,0.417,0.458,0.3,0.35,3.1,22.3,5.5,32.6,0.287,2.9,11.1,20,2.6,1.2,11.7
1610612744,Al Horford,201143,GSW,C,Big,36,756,1614,285,176,90,29,39,37,0.568,0.354,34,142,158,32,0.13,0.656,56,0.228,0.518,0.642,0.354,0.3,16.2,3.2,24.5,0.078,4.9,20.8,16.7,1.8,4.7,12.7
1610612760,Alex Caruso,1627936,OKC,SG,Wing,39,712,1532,250,100,82,53,13,34,0.602,0.32,20,80,128,55,0.261,0.727,28,0.133,0.357,0.607,0.32,-0.6,15.8,2.7,22.9,0.161,3.2,11.7,15.1,3.6,1.8,13.1
1610612764,Alex Sarr,1642259,WAS,C,Big,41,1156,2481,704,319,115,34,82,70,0.537,0.336,96,223,119,210,0.365,0.719,246,0.428,0.382,0.207,0.336,-0.5,25.4,4.7,35.2,0.237,8.7,20.5,16.2,1.4,6.3,9.9
1610612761,Alijah Martin,1642918,TOR,SG,Combo,13,97,192,34,14,8,6,3,3,0.45,0.167,6,8,12,9,0.281,0.556,11,0.344,0.364,0.375,0.167,-10.3,17.7,1.8,25.4,0.375,6.8,9.3,10.9,3,3,7.4
1610612764,Alondes Williams,1631214,WAS,SG,Combo,4,101,218,44,25,12,3,3,5,0.917,0.357,5,20,14,10,0.385,1,2,0.077,0.5,0.538,0.357,18.6,14.3,3.7,22.6,0.308,5.2,21,16.9,1.4,2.6,14.5
1610612745,Alperen Sengun,1630578,HOU,C,Big,49,1658,3383,997,448,311,66,53,156,0.523,0.293,150,298,92,288,0.367,0.67,404,0.515,0.418,0.117,0.293,-0.9,26.9,7.9,43.9,0.353,10.1,19.7,29.3,2,2.9,14.7
1610612738,Amari Williams,1642873,BOS,PF,Big,15,113,238,22,30,6,2,9,6,0.438,0,7,23,0,11,0.688,0.545,5,0.312,0.2,0,0,-4.2,10.4,0,0,0.75,6.8,22.1,6.5,0.9,8,22
1610612745,Amen Thompson,1641708,HOU,PG,Point,55,2045,4181,958,418,293,83,35,141,0.555,0.194,157,261,93,335,0.462,0.71,297,0.41,0.38,0.128,0.194,1.2,20.1,4,31.5,0.356,8.5,14,20.6,2,1.6,14.4
1610612756,Amir Coffey,1629599,PHX,SG,Wing,35,356,730,101,38,20,6,4,5,0.609,0.265,10,28,34,18,0.225,0.833,28,0.35,0.464,0.425,0.265,0.7,11.5,0.7,15.5,0.263,3.1,8.8,7.5,0.8,1.1,5.3
1610612755,Andre Drummond,203083,PHI,C,Big,44,868,1809,299,382,40,25,38,43,0.541,0.364,150,232,55,151,0.64,0.556,30,0.127,0.467,0.233,0.364,0.2,15.1,1.1,19.5,0.292,18.7,30.1,6.4,1.4,4.1,13.9
1610612749,Andre Jackson Jr.,1641748,MIL,SG,Wing,28,177,371,40,27,24,7,2,10,0.364,0.185,12,15,27,11,0.224,0.636,11,0.224,0.091,0.551,0.185,-18.4,15.8,1.8,23.2,0.204,7.7,9.4,17.2,1.9,1.1,15.8
1610612754,Andrew Nembhard,1629614,IND,PG,Combo,46,1460,3100,799,130,339,41,7,115,0.49,0.366,19,111,246,110,0.174,0.618,276,0.437,0.438,0.389,0.366,0.1,23.9,9.7,41.8,0.291,1.4,8.5,36.1,1.3,0.4,13.9
1610612748,Andrew Wiggins,203952,MIA,SF,Forward,53,1649,3640,854,272,148,62,52,87,0.517,0.41,94,178,266,188,0.276,0.66,228,0.334,0.399,0.39,0.41,2,20.2,3.6,28.3,0.185,5.8,11,12.7,1.7,2.8,10.6
1610612741,Anfernee Simons,1629014,CHI,SG,Combo,55,1372,2791,785,135,134,27,8,68,0.517,0.385,31,104,379,59,0.091,0.678,210,0.324,0.471,0.585,0.385,1.7,23.6,5.1,34.1,0.119,2.5,8.2,14.5,1,0.6,9.1
1610612753,Anthony Black,1641710,ORL,PG,Combo,57,1792,3752,901,227,224,82,41,123,0.53,0.342,41,186,274,237,0.332,0.679,201,0.282,0.353,0.386,0.342,0.1,21.9,5,32.8,0.295,2.5,11.7,18.8,2.2,2,13.3
1610612764,Anthony Davis,203076,WAS,PF,Big,20,626,1325,407,221,56,22,33,41,0.535,0.27,62,159,37,139,0.416,0.662,158,0.473,0.424,0.111,0.27,-0.8,27.5,4.3,37.2,0.243,10.8,26.2,14.8,1.7,4.4,10
1610612750,Anthony Edwards,1630162,MIN,SG,Combo,49,1742,3692,1450,259,179,67,40,139,0.559,0.4,33,226,420,236,0.232,0.703,360,0.354,0.464,0.413,0.4,5.9,31.6,7.8,44.7,0.349,2.1,14,17,1.8,2,10.6
1610612764,Anthony Gill,1630264,WAS,PF,Big,32,334,728,103,68,25,13,11,16,0.667,0.333,22,46,15,40,0.556,0.75,17,0.236,0.471,0.208,0.333,9.3,11.9,1.3,16.5,0.222,6.9,14.6,10.2,1.8,2.9,16.8
1610612766,Antonio Reeves,1641810,CHA,SG,Combo,8,61,122,24,5,2,1,0,1,0.429,0.5,1,4,12,4,0.211,0.5,3,0.158,0.333,0.632,0.5,7.3,13.8,0.9,18.3,0,1.9,7.3,4.7,0.8,0,5
1610612752,Ariel Hukporti,1630574,NYK,C,Big,41,379,800,84,120,21,7,22,21,0.577,0.25,40,80,4,35,0.625,0.771,17,0.304,0.176,0.071,0.25,5.6,10,0.5,13.5,0.5,11.4,23.5,6.9,0.9,5.8,23.5
1610612737,Asa Newell,1642854,ATL,PF,Big,39,442,971,199,81,20,15,13,21,0.658,0.397,37,44,68,62,0.422,0.694,17,0.116,0.529,0.463,0.397,7.1,16.9,1.5,21.1,0.17,8.9,10.9,6.3,1.6,2.6,11.7
1610612765,Ausar Thompson,1641709,DET,SF,Combo,52,1342,2803,527,305,146,98,41,76,0.52,0.286,112,193,21,225,0.524,0.64,183,0.427,0.372,0.049,0.286,-2.4,17.5,2.3,25.8,0.338,9.3,15.7,14.8,3.5,3,13.4
1610612747,Austin Reaves,1630559,LAL,SG,Combo,31,1039,2187,774,156,175,32,9,100,0.607,0.372,20,136,207,111,0.234,0.784,156,0.329,0.481,0.437,0.372,10.3,28.7,10.2,44.6,0.53,2.3,14.9,26.4,1.5,0.8,14.6
1610612750,Ayo Dosunmu,1630245,MIN,SG,Combo,51,1350,2910,745,147,181,39,13,64,0.558,0.44,35,112,216,244,0.45,0.611,82,0.151,0.402,0.399,0.44,7.1,20.4,6.1,31.5,0.207,2.8,8.8,20,1.4,0.8,9.8
1610612748,Bam Adebayo,1628389,MIA,C,Big,51,1591,3473,933,498,146,51,35,91,0.501,0.333,103,395,246,175,0.235,0.663,324,0.435,0.414,0.33,0.333,-1.1,23.9,4.1,33.2,0.323,6.6,25.4,13.2,1.5,2,9.7
1610612738,Baylor Scheierman,1631248,BOS,SG,Wing,52,790,1598,210,155,55,30,4,25,0.625,0.371,29,126,124,20,0.116,0.7,28,0.163,0.571,0.721,0.371,3,11.1,1.1,16.1,0.081,4.1,17.3,8.8,1.9,0.5,12.3
1610612751,Ben Saraf,1642879,BKN,SG,Combo,22,384,802,112,36,60,17,4,40,0.4,0.25,7,29,48,35,0.31,0.457,30,0.265,0.333,0.425,0.25,-12,19,3.5,29,0.292,2,9.2,22.9,2.2,1,23.9
1610612754,Ben Sheppard,1641767,IND,SG,Combo,48,1042,2273,332,151,87,27,4,28,0.505,0.356,26,125,177,70,0.245,0.557,39,0.136,0.41,0.619,0.356,-1.5,13.5,1.5,18.6,0.15,2.6,13.3,11.6,1.2,0.3,8.4
1610612746,Bennedict Mathurin,1631097,LAC,SF,Wing,33,1043,2201,607,182,81,26,5,73,0.483,0.358,30,152,176,100,0.23,0.6,159,0.366,0.409,0.405,0.358,2.6,24.2,4,32.5,0.439,3.1,16.2,12,1.2,0.4,12.3
1610612764,Bilal Coulibaly,1641731,WAS,SG,Combo,37,970,2097,372,161,96,54,38,55,0.492,0.276,32,129,123,112,0.364,0.679,73,0.237,0.205,0.399,0.276,-4.2,17.8,2.5,25,0.38,3.4,14.1,13.5,2.6,3.5,13.3
1610612759,Bismack Biyombo,202687,SAS,C,Big,15,88,183,11,13,4,4,1,5,0.571,0,4,9,0,6,0.857,0.667,1,0.143,0,0,0,6.9,6.6,0,0,0.571,5,10.7,5.4,2.2,1,36.3
1610612762,Blake Hinson,1642396,UTA,SF,Big,2,41,89,24,5,1,0,0,1,0.75,0.667,1,4,9,2,0.154,0.5,2,0.154,1,0.692,0.667,36.4,14.1,1.4,17.6,0,2.6,10.7,3.7,0,0,7.1
1610612757,Blake Wesley,1631104,POR,SG,Combo,15,214,474,79,26,40,14,1,16,0.5,0.292,6,20,24,29,0.403,0.724,19,0.264,0.158,0.333,0.292,-7,18.3,4.5,30,0.278,3,10.3,26.5,3.1,0.4,16.5
1610612749,Bobby Portis,1626171,MIL,PF,Big,54,1309,2702,715,355,86,31,9,55,0.511,0.45,74,281,229,85,0.143,0.635,279,0.47,0.473,0.386,0.45,2.4,22.6,3.5,29.6,0.079,6.5,23.8,10.3,1.2,0.7,8.2
1610612765,Bobi Klintman,1641752,DET,SF,Forward,9,64,141,17,17,4,3,0,5,0.333,0.25,5,12,12,5,0.208,0.6,7,0.292,0.143,0.5,0.25,-22.3,19.5,0.9,24.3,0.125,8.7,20.5,8,2.3,0,16.5
1610612746,Bogdan Bogdanović,203992,LAC,SG,Combo,17,372,751,130,47,44,8,1,22,0.447,0.324,5,42,74,16,0.132,0.5,31,0.256,0.419,0.612,0.324,-5.7,18.1,3.3,26.9,0.157,1.6,12.8,16.9,1.1,0.3,14.5
1610612750,Bones Hyland,1630538,MIN,PG,Point,50,737,1582,351,87,129,30,11,42,0.585,0.38,18,69,171,64,0.231,0.688,42,0.152,0.429,0.617,0.38,3.2,19.3,6.3,32.1,0.162,2.7,10.1,24.3,1.9,1.3,12.4
1610612746,Bradley Beal,203078,LAC,SG,Combo,6,121,246,49,5,10,3,0,9,0.379,0.368,2,3,19,9,0.188,0.667,20,0.417,0.25,0.396,0.368,-8.3,22.2,3,29.8,0.167,2,2.8,12.3,1.2,0,14.9
1610612760,Branden Carlson,1642382,OKC,C,Big,34,373,793,166,88,19,6,18,12,0.662,0.356,21,67,59,57,0.438,0.772,14,0.108,0.214,0.454,0.356,4.5,17.3,1.7,21.9,0.131,6.4,18.8,7.2,0.8,4.8,8
1610612744,Brandin Podziemski,1641764,GSW,SG,Combo,58,1574,3355,706,289,212,66,11,88,0.52,0.366,50,239,262,111,0.197,0.667,191,0.339,0.435,0.465,0.366,0.7,19.1,4.6,29.2,0.241,3.5,16.8,19.5,2,0.6,12.4
1610612763,Brandon Clarke,1629634,MEM,PF,Wing,2,20,49,8,6,1,2,0,0,NA,NA,4,2,0,NA,NA,NA,NA,NA,NA,NA,NA,-18.7,22.3,NA,NA,0.444,21.4,10.7,7,4.7,0,0
1610612761,Brandon Ingram,1627742,TOR,SF,Wing,56,1902,3933,1224,320,212,43,44,138,0.512,0.371,46,274,278,167,0.173,0.665,520,0.539,0.463,0.288,0.371,0.9,27.3,6.3,39.5,0.264,2.7,16.3,17.6,1.1,2.3,11.4
1610612766,Brandon Miller,1641706,CHA,SF,Wing,42,1267,2626,864,195,142,44,36,120,0.475,0.367,45,150,349,106,0.15,0.66,252,0.356,0.397,0.494,0.367,-0.3,29.8,6.9,43.1,0.223,4.1,13.1,18.3,1.7,2.6,13.4
1610612742,Brandon Williams,1630314,DAL,PG,Point,49,1081,2374,629,136,190,50,12,97,0.56,0.227,24,112,119,188,0.399,0.649,164,0.348,0.457,0.253,0.227,0.4,25.4,5.9,37.8,0.423,2.4,10.7,26.3,2.2,0.9,14.8
1610612762,Brice Sensabaugh,1641729,UTA,SF,Wing,55,1213,2652,700,163,85,36,6,69,0.576,0.348,40,123,290,78,0.144,0.718,172,0.319,0.512,0.537,0.348,2.8,22.6,3.3,29.9,0.239,3.5,11.2,10.5,1.4,0.5,10.4
1610612747,Bronny James,1642355,LAL,SG,Combo,29,211,446,63,15,35,11,2,14,0.394,0.407,4,11,27,8,0.133,0.75,25,0.417,0.28,0.45,0.407,-5.3,15.7,4.2,26,0.083,2.3,5.9,22,2.5,0.9,18.4
1610612746,Brook Lopez,201572,LAC,C,Big,50,961,1948,354,144,50,29,54,39,0.491,0.345,20,124,206,33,0.104,0.576,77,0.244,0.455,0.652,0.345,-2.7,17.2,1.5,22.1,0.12,2.5,14.6,7.5,1.5,5.3,10.5
1610612760,Brooks Barnhizer,1642964,OKC,SG,Forward,30,223,475,45,54,16,5,3,7,0.433,0.312,10,44,16,15,0.326,0.6,15,0.326,0.267,0.348,0.312,-9.6,10.8,0.4,14.6,0.13,5.1,20.6,8.9,1.1,1.3,12.6
1610612743,Bruce Brown,1628971,DEN,SG,Combo,58,1446,2993,450,233,125,62,15,62,0.507,0.371,68,165,97,148,0.403,0.676,122,0.332,0.303,0.264,0.371,-0.6,14.1,1.9,20.1,0.245,5.6,12.3,11.3,2.1,1,13.2
1610612740,Bryce McGowens,1631121,NOP,SG,Combo,35,711,1536,282,68,49,22,5,15,0.513,0.446,11,57,74,79,0.409,0.557,40,0.207,0.425,0.383,0.446,5.7,14.3,1.8,19.6,0.425,1.6,8.8,9.4,1.5,0.8,6.1
1610612764,Bub Carrington,1642267,WAS,PG,Point,57,1589,3427,566,209,261,37,13,136,0.411,0.382,25,184,301,35,0.07,0.457,167,0.332,0.401,0.598,0.382,-3.1,17.6,4.8,28.7,0.149,1.6,12.3,22.3,1.1,0.7,20.2
1610612760,Buddy Boeheim,1631205,OKC,SF,Big,3,14,30,6,0,0,0,0,0,NA,NA,0,0,6,NA,NA,NA,NA,NA,NA,NA,NA,-5.9,18.5,NA,NA,0,0,0,0,0,0,0
1610612737,Buddy Hield,1627741,ATL,SG,Wing,45,773,1667,354,108,66,37,9,43,0.6,0.342,26,82,196,63,0.209,0.73,42,0.14,0.405,0.651,0.342,0.1,19.6,2.9,26.6,0.113,3.7,11.7,12.5,2.3,1.1,12
1610612737,CJ McCollum,203468,ATL,PG,Combo,55,1649,3550,1024,187,194,42,21,96,0.508,0.382,40,147,372,133,0.16,0.647,326,0.392,0.451,0.448,0.382,0.7,25.3,5.8,36.5,0.203,2.6,9.5,18.2,1.2,1.1,9.6
1610612765,Cade Cunningham,1630595,DET,PG,Point,50,1743,3689,1267,288,488,73,47,182,0.509,0.334,48,240,299,246,0.252,0.626,432,0.442,0.442,0.306,0.334,0.3,30.9,14.4,55.7,0.35,3.1,15,43.8,2,2.7,13.9
1610612737,Caleb Houstan,1631216,ATL,SF,Wing,10,49,108,23,5,2,1,1,4,0.333,0.5,4,1,12,2,0.133,0.5,1,0.067,0,0.8,0.5,14.6,17.3,1.8,21.5,0.2,8.6,2.2,5.4,1,1.8,19.7
1610612757,Caleb Love,1631126,POR,SG,Point,45,999,2147,507,114,122,27,4,61,0.492,0.321,25,89,290,89,0.184,0.596,106,0.219,0.406,0.598,0.321,-5.9,23,4.5,33.9,0.101,2.7,9.8,18.5,1.3,0.4,10.7
1610612742,Caleb Martin,1628997,DAL,SF,Combo,49,699,1532,172,124,76,35,11,33,0.477,0.366,23,101,41,57,0.385,0.684,50,0.338,0.24,0.277,0.366,-3.8,11.9,1.5,17.7,0.264,3.6,14.9,13.9,2.4,1.3,16.7
1610612746,Cam Christie,1642353,LAC,SG,Combo,38,379,762,130,60,22,10,3,16,0.47,0.286,12,48,42,35,0.324,0.6,31,0.287,0.323,0.389,0.286,-4.5,16.7,1.5,21.9,0.389,3.8,14.3,8.2,1.3,0.8,11.2
1610612763,Cam Spencer,1642285,MEM,SG,Combo,54,1293,2767,609,144,305,38,6,76,0.521,0.439,26,118,254,36,0.085,0.611,133,0.314,0.496,0.601,0.439,8.9,17.5,9.2,34.6,0.245,2.2,9.8,33.2,1.4,0.4,13.9
1610612749,Cam Thomas,1630560,MIL,SG,Combo,30,702,1415,473,58,83,4,2,57,0.475,0.319,11,47,142,64,0.168,0.531,176,0.462,0.455,0.37,0.319,-2.1,30.9,6.9,44.4,0.34,1.7,8,20.8,0.3,0.3,11.5
1610612764,Cam Whitmore,1641715,WAS,SF,Forward,21,354,781,193,58,15,15,8,18,0.54,0.286,19,39,56,72,0.426,0.708,41,0.243,0.244,0.331,0.286,-3.1,23.6,2,28.5,0.183,5.6,11.7,6.6,2,2,9
1610612743,Cameron Johnson,1629661,DEN,SF,Forward,34,1042,2190,398,123,78,23,10,29,0.507,0.417,24,99,151,78,0.266,0.667,64,0.218,0.312,0.515,0.417,5,14.9,2.1,20.4,0.263,2.7,10.2,9.9,1.1,0.9,8.1
1610612755,Cameron Payne,1626166,PHI,PG,Point,4,50,113,10,2,9,6,0,1,0.4,0.143,0,2,14,3,0.158,0.667,2,0.105,0,0.737,0.143,-29.6,16.9,1.5,24.8,0,0,4.5,23.3,5.8,0,5
1610612765,Caris LeVert,1627747,DET,SG,Wing,39,765,1619,299,68,108,35,28,53,0.504,0.352,13,55,122,53,0.211,0.755,76,0.303,0.329,0.486,0.352,-1.9,17.8,4.3,28.5,0.235,1.9,7.9,18.7,2.2,3.6,16.1
1610612759,Carter Bryant,1642868,SAS,PF,Forward,46,428,911,158,94,16,9,10,17,0.418,0.337,22,72,86,47,0.307,0.468,20,0.131,0.3,0.562,0.337,-7.3,17.6,0.9,21.7,0.144,5.6,17.6,4.9,1,2.1,9.5
1610612760,Cason Wallace,1641717,OKC,SG,Combo,56,1517,3225,483,178,142,116,15,55,0.51,0.356,49,129,222,132,0.307,0.629,76,0.177,0.303,0.516,0.356,-2.3,14.4,1.9,20.4,0.107,3.7,8.9,12.2,3.7,1,10.9
1610612763,Cedric Coward,1642907,MEM,SG,Combo,48,1263,2764,639,299,140,27,19,84,0.561,0.34,65,234,209,146,0.293,0.699,143,0.287,0.42,0.42,0.34,2.1,20.8,4.1,29.7,0.243,5.5,19.8,16.3,1,1.4,13.2
1610612755,Charles Bassey,1629646,PHI,C,Big,3,35,78,9,15,2,1,2,1,0.444,0,7,8,0,5,0.556,0.8,4,0.444,0,0,0,-12.3,13,0,0,0.333,20.9,23.8,7.2,1.3,5.2,8.8
1610612765,Chaz Lanier,1642404,DET,SG,Combo,20,171,365,62,19,13,5,0,2,0.5,0.333,7,12,45,1,0.018,1,11,0.193,0.455,0.789,0.333,-3.5,14.7,1.6,20.6,0.088,4.6,7.7,9.8,1.4,0,3.3
1610612760,Chet Holmgren,1631096,OKC,PF,Big,52,1520,3213,894,456,90,27,101,82,0.64,0.352,97,359,182,237,0.398,0.759,177,0.297,0.48,0.305,0.352,8.7,22,3.2,28.5,0.366,7.3,24.7,8.8,0.9,6.5,10.6
1610612738,Chris Boucher,1628449,BOS,PF,Big,9,94,189,21,18,3,5,7,1,0.6,0.133,2,16,15,7,0.28,0.714,3,0.12,0.333,0.6,0.133,-16.7,12.8,0.1,15.9,0.16,2.4,18.5,4,2.7,7.5,3.6
1610612739,Chris Livingston,1641753,CLE,SF,Wing,3,17,36,9,3,1,1,0,0,NA,NA,0,3,3,NA,NA,NA,NA,NA,NA,NA,NA,4.6,18.2,NA,NA,0.143,0,19.2,8.8,2.8,0,0
1610612747,Chris Mañon,1643024,LAL,SG,Wing,5,21,45,2,4,1,3,2,1,NA,NA,1,3,1,NA,NA,NA,NA,NA,NA,NA,NA,-2.7,6,NA,NA,2,5.8,16.3,5.5,6.9,8.9,34.7
1610612746,Chris Paul,101108,LAC,PG,Point,16,228,466,47,28,53,11,0,16,0.308,0.333,6,22,30,4,0.071,0.75,22,0.393,0.227,0.536,0.333,-14.6,14.2,4.4,27.3,0.036,3.2,10.9,31.4,2.4,0,22
1610612760,Chris Youngblood,1642959,OKC,SG,Wing,32,174,371,65,28,11,4,3,2,0.444,0.314,7,21,51,2,0.033,1,7,0.117,0.286,0.85,0.314,-5.4,16.5,1.4,21.1,0.167,4.6,12.6,8.2,1.1,1.7,3
1610612743,Christian Braun,1631128,DEN,SG,Wing,22,672,1411,225,97,65,15,7,28,0.595,0.269,34,63,52,87,0.503,0.701,34,0.197,0.324,0.301,0.269,1.7,14.5,2,20.7,0.295,6,10.1,12.8,1.1,1,12.5
1610612737,Christian Koloko,1631132,ATL,C,Big,20,306,664,56,66,14,12,20,12,0.455,0.2,26,40,5,33,0.55,0.576,22,0.367,0.273,0.083,0.2,-11.2,10.1,0.1,12.9,0.1,9.1,14.1,5.8,1.9,6,16.1
1610612761,Chucky Hepburn,1642935,TOR,PG,Point,2,13,26,0,1,2,1,0,1,NA,NA,0,1,5,NA,NA,NA,NA,NA,NA,NA,NA,-55.9,23,NA,NA,0,0,8.7,17.6,3.7,0,14.3
1610612745,Clint Capela,203991,HOU,C,Big,50,587,1197,179,221,27,25,38,20,0.52,0,105,116,0,109,0.727,0.615,41,0.273,0.268,0,0,-2.5,13.4,0,0,0.267,19.9,21.6,6.2,2.1,6,10.7
1610612766,Coby White,1629632,CHA,SG,Combo,30,859,1862,550,111,140,21,2,90,0.537,0.349,8,103,212,119,0.296,0.613,71,0.177,0.408,0.527,0.349,2.6,27.5,8,41.4,0.383,1,12.8,24.4,1.2,0.2,16.1
1610612754,Cody Martin,1628998,IND,SF,Wing,4,55,119,7,14,2,4,2,4,0.4,0,1,13,5,1,0.1,1,4,0.4,0.25,0.5,0,-28.2,12.8,0,15.3,0.6,1.9,26.3,4.6,3.5,3.1,24
1610612762,Cody Williams,1642262,UTA,SG,Combo,44,873,1908,255,106,41,28,19,30,0.581,0.222,39,67,72,89,0.384,0.708,71,0.306,0.423,0.31,0.222,-4.3,13.1,0.6,16.5,0.147,4.8,8.4,6.3,1.5,2.1,10.8
1610612765,Colby Jones,1641732,DET,SG,Wing,1,7,15,2,4,2,0,0,0,NA,NA,0,4,2,NA,NA,NA,NA,NA,NA,NA,NA,-22.6,17.6,NA,NA,0,0,62.4,38,0,0,0
1610612756,Cole Anthony,1630175,PHX,PG,Point,35,527,1118,234,87,121,20,11,65,0.478,0.306,16,71,72,44,0.19,0.545,115,0.498,0.452,0.312,0.306,-7.6,25.8,7.8,41.2,0.113,3.5,14.9,34,1.9,2.1,21.1
1610612756,Collin Gillespie,1631221,PHX,PG,Point,58,1662,3470,778,238,273,79,12,98,0.453,0.42,59,179,417,44,0.07,0.523,170,0.269,0.435,0.661,0.42,2.9,19.4,6.6,32.5,0.111,3.8,12.2,24,2.3,0.7,12.9
1610612761,Collin Murray-Boyles,1642867,TOR,PF,Forward,46,1031,2115,362,228,92,43,41,51,0.609,0.34,112,116,47,176,0.659,0.699,44,0.165,0.25,0.176,0.34,4.9,14.4,2.2,21.3,0.262,12,12.7,12.3,2,3.9,14.6
1610612741,Collin Sexton,1629012,CHI,SG,Combo,49,1101,2313,680,97,167,46,8,106,0.532,0.382,24,73,173,153,0.315,0.673,159,0.328,0.396,0.357,0.382,4.7,25.5,8,40,0.355,2.5,7.3,23.9,2,0.7,15.9
1610612742,Cooper Flagg,1642843,DAL,SF,Forward,49,1669,3576,999,321,202,58,39,108,0.532,0.302,56,265,172,222,0.281,0.667,396,0.501,0.457,0.218,0.302,0.1,25.1,5.2,35.9,0.291,3.7,16.4,18.7,1.6,2,10.8
1610612737,Corey Kispert,1630557,ATL,SF,Wing,39,788,1732,367,95,66,14,5,33,0.609,0.366,17,78,161,75,0.277,0.667,35,0.129,0.486,0.594,0.366,5.1,17.7,2.8,24.1,0.251,2.3,10.6,11.7,0.8,0.6,9.9
1610612739,Craig Porter Jr.,1641854,CLE,PG,Point,51,895,1926,230,171,157,50,30,45,0.496,0.366,68,103,71,59,0.286,0.661,76,0.369,0.368,0.345,0.366,-3.8,12.3,3.2,22.2,0.16,8.3,12.5,22,2.7,3.1,16.9
1610612743,Curtis Jones,1642938,DEN,SG,Combo,6,31,64,9,5,3,0,0,1,NA,NA,1,4,9,NA,NA,NA,NA,NA,NA,NA,NA,-23.8,21.1,NA,NA,0,3.9,13.9,12.8,0,0,6.7
1610612764,D'Angelo Russell,1626156,WAS,PG,Combo,26,495,1070,264,61,104,12,2,49,0.508,0.295,8,53,112,25,0.108,0.64,95,0.409,0.474,0.483,0.295,-4.8,26.1,7.6,41.5,0.259,1.8,11.1,30.7,1.1,0.3,15.9
1610612743,DaRon Holmes II,1641747,DEN,PF,Big,16,183,359,67,27,16,0,4,6,0.615,0.405,5,22,37,10,0.2,0.6,3,0.06,0.667,0.74,0.405,6.7,14.2,2.8,21.9,0.16,3.3,13,11.5,0,2,10.1
1610612758,Daeqwon Plowden,1631342,SAC,SG,Wing,10,214,453,65,31,13,3,3,6,0.619,0.238,14,17,42,13,0.206,0.923,8,0.127,0.125,0.667,0.238,-7.7,14.6,0.9,19,0.159,7.1,9.2,8.2,0.7,1.3,8.2
1610612738,Dalano Banton,1630625,BOS,PG,Combo,3,14,24,6,1,2,1,0,1,NA,NA,1,0,0,NA,NA,NA,NA,NA,NA,NA,NA,19.1,15.9,NA,NA,0,8.6,0,27.5,3.6,0,20
1610612755,Dalen Terry,1631207,PHI,SG,Wing,37,393,860,123,66,45,24,11,22,0.448,0.417,19,47,48,42,0.396,0.548,16,0.151,0.188,0.453,0.417,-2.1,14.7,2.6,21.6,0.179,5.3,12.8,15.2,2.9,2.4,16.1
1610612747,Dalton Knecht,1642261,LAL,SF,Combo,44,494,1037,196,66,15,9,9,19,0.639,0.303,13,53,99,31,0.181,0.774,41,0.24,0.537,0.579,0.303,-1.4,17.5,0.9,20.9,0.117,3.2,12.2,4.3,0.9,1.7,9.6
1610612742,Daniel Gafford,1629655,DAL,C,Big,41,876,1908,330,262,39,33,54,51,0.623,0,87,175,0,156,0.765,0.667,48,0.235,0.479,0,0,10.5,14.3,0,0,0.495,10.8,20.6,6.1,1.8,5.2,17
1610612765,Daniss Jenkins,1642450,DET,PG,Point,47,803,1709,373,88,144,40,7,62,0.446,0.376,29,59,117,67,0.21,0.642,135,0.423,0.348,0.367,0.376,-3,21.3,6.6,35.3,0.241,4,8,24.6,2.4,0.9,14.9
1610612751,Danny Wolf,1642874,BKN,PF,Forward,43,869,1773,355,200,92,24,24,50,0.476,0.316,45,155,155,116,0.357,0.552,54,0.166,0.315,0.477,0.316,-5.5,20.2,3.4,29,0.191,5.7,21.8,16.8,1.4,2.5,12.4
1610612758,Dario Saric,203967,SAC,C,Forward,5,41,85,5,6,2,0,0,2,0,0.333,1,5,3,2,0.333,0,1,0.167,0,0.5,0.333,-19.6,9.2,-0.3,12,0.333,2.7,14.1,5.9,0,0,22.5
1610612739,Darius Brown,1642468,CLE,SG,Combo,1,3,5,0,1,0,0,0,0,NA,NA,0,1,0,NA,NA,NA,NA,NA,NA,NA,NA,-0.6,14.1,NA,NA,0.245,5.6,12.3,11.3,2.1,1,13.2
1610612746,Darius Garland,1629636,LAC,PG,Point,26,792,1711,467,63,180,21,3,73,0.521,0.36,12,51,164,70,0.186,0.557,143,0.379,0.503,0.435,0.36,0.8,25.5,9.9,43.3,0.21,1.6,7,33.1,1.3,0.4,15.1
1610612759,David Jones Garcia,1642357,SAS,SF,Combo,11,68,156,32,13,18,6,1,5,0.5,0.6,4,9,5,14,0.56,0.429,6,0.24,0.667,0.2,0.6,2,20.2,10.8,37.3,0.24,6.5,13.9,37.9,4.2,1.3,15.3
1610612748,Davion Mitchell,1630558,MIA,PG,Point,48,1383,3027,431,125,339,53,9,78,0.516,0.406,18,107,143,98,0.274,0.571,117,0.327,0.47,0.399,0.406,0.8,13.4,6,27.8,0.148,1.3,7.8,31.3,1.8,0.6,17
1610612751,Day'Ron Sharpe,1630549,BKN,C,Big,55,1024,2099,468,364,124,61,23,89,0.653,0.212,150,214,33,200,0.664,0.745,68,0.226,0.382,0.11,0.212,8.3,19.3,3.4,28.5,0.478,16.1,25.5,20.1,3,2.1,19.6
1610612759,De'Aaron Fox,1628368,SAS,PG,Point,48,1524,3280,917,185,302,60,13,117,0.56,0.347,26,159,268,151,0.212,0.675,292,0.411,0.5,0.377,0.347,2.1,25,8.6,40.7,0.253,1.9,10.9,29.8,1.9,0.8,12.9
1610612758,De'Andre Hunter,1629631,SAC,SF,Forward,45,1175,2533,615,185,90,30,6,75,0.522,0.305,30,155,246,77,0.154,0.636,178,0.355,0.472,0.491,0.305,-1.4,22.6,3.1,30.1,0.285,2.8,14.4,10.6,1.2,0.5,11.7
1610612744,De'Anthony Melton,1629001,GSW,PG,Combo,31,688,1457,393,89,72,50,11,53,0.547,0.293,16,73,158,81,0.248,0.63,89,0.272,0.472,0.48,0.293,-2.1,25.7,4.6,35.7,0.259,2.5,11.7,16.1,3.5,1.4,12.7
1610612740,DeAndre Jordan,201599,NOP,C,Big,4,77,163,21,33,2,1,6,4,0.727,0,12,21,0,10,0.909,0.8,1,0.091,0,0,0,14.3,10.3,0,0,0.818,16.5,30,3.4,0.6,7.5,21.1
1610612758,DeMar DeRozan,201942,SAC,PF,Forward,59,1896,4009,1099,183,226,69,17,65,0.522,0.333,28,155,123,83,0.106,0.735,576,0.737,0.491,0.157,0.333,3.3,22.3,4.8,32.5,0.425,1.6,9.4,18.4,1.8,0.8,6.5
1610612739,Dean Wade,1629731,CLE,PF,Forward,47,1065,2275,278,198,72,39,20,14,0.617,0.366,40,158,161,48,0.217,0.604,12,0.054,0.667,0.729,0.366,2.8,9.8,0.7,13.9,0.163,4.1,16.1,8.3,1.7,1.8,5.6
1610612747,Deandre Ayton,1629028,LAL,C,Big,49,1384,2888,647,416,43,31,46,67,0.667,0,123,293,0,220,0.501,0.791,219,0.499,0.543,0,0,11.7,17.2,0,0,0.205,10.8,24.1,4.7,1.1,3.1,12.3
1610612740,Dejounte Murray,1627749,NOP,PG,Point,1,25,59,13,2,3,1,0,5,NA,NA,0,2,4,NA,NA,NA,NA,NA,NA,NA,NA,-1.2,28.2,NA,NA,0.182,0,8.8,18,1.9,0,29.6
1610612757,Deni Avdija,1630166,POR,SF,Wing,48,1608,3457,1173,338,318,38,28,184,0.539,0.341,53,285,299,266,0.343,0.639,211,0.272,0.412,0.385,0.341,4.6,29,10.7,47.9,0.569,3.5,19.5,31.6,1.1,1.6,16
1610612739,Dennis Schröder,203471,CLE,PG,Point,48,1219,2548,574,140,244,44,8,90,0.443,0.33,22,118,188,83,0.171,0.554,213,0.44,0.399,0.388,0.33,-3.8,22.3,7.1,37.4,0.314,2,11.1,28.7,1.7,0.6,14
1610612742,Dereck Lively II,1641726,DAL,C,Big,7,115,256,30,37,13,4,11,10,0.611,0,14,23,0,16,0.889,0.625,2,0.111,0.5,0,0,11.1,11.8,0,0,0.556,13.2,20.7,14.5,1.6,8,30.9
1610612740,Derik Queen,1642852,NOP,C,Big,58,1498,3208,708,422,234,60,53,140,0.515,0.276,97,325,58,278,0.501,0.629,219,0.395,0.37,0.105,0.276,-0.5,21.7,4.5,33,0.346,6.8,23.8,22.7,1.9,3.4,18
1610612746,Derrick Jones Jr.,1627884,LAC,SF,Wing,25,650,1334,260,70,33,21,27,20,0.65,0.365,23,47,85,64,0.346,0.797,36,0.195,0.389,0.459,0.365,7.2,15.5,1.6,19.9,0.259,4.3,8.2,7.6,1.6,3.9,8.8
1610612738,Derrick White,1628401,BOS,SG,Combo,55,1890,3793,940,246,314,65,81,98,0.482,0.322,60,186,481,79,0.094,0.684,280,0.333,0.425,0.573,0.322,-3.9,22.9,6.5,37.3,0.173,3.5,10.7,23.4,1.7,4.3,9.8
1610612753,Desmond Bane,1630217,ORL,SG,Combo,57,1941,4114,1149,236,233,55,29,120,0.538,0.382,70,166,302,258,0.299,0.609,300,0.348,0.477,0.353,0.382,4,23.6,5.8,34.6,0.255,3.9,9.6,19,1.4,1.3,11.1
1610612756,Devin Booker,1626164,PHX,SG,Combo,44,1467,3092,1088,172,270,39,12,144,0.518,0.308,35,137,240,116,0.147,0.681,432,0.548,0.475,0.305,0.308,2,31.3,9.8,48.6,0.439,2.5,10.6,30.5,1.3,0.8,13.3
1610612758,Devin Carter,1642269,SAC,PG,Point,22,302,639,133,50,43,15,5,23,0.529,0.173,14,36,53,31,0.254,0.774,39,0.32,0.333,0.426,0.173,-8.5,23,3.7,33.2,0.317,5,13.8,20.4,2.4,1.5,14.1
1610612759,Devin Vassell,1630170,SAS,SG,Combo,44,1346,2864,626,165,104,35,19,41,0.513,0.369,21,144,290,44,0.085,0.614,186,0.358,0.489,0.558,0.369,0.4,18.6,2.7,25.5,0.158,1.7,11.2,10.7,1.2,1.2,6.9
1610612756,Dillon Brooks,1628415,PHX,SF,Forward,50,1530,3203,1044,183,88,52,8,89,0.502,0.343,39,144,341,97,0.111,0.67,433,0.497,0.464,0.392,0.343,-1.2,28.9,3.9,37.4,0.216,2.7,10.7,9.6,1.7,0.5,8.5
1610612752,Dillon Jones,1641794,NYK,SF,Wing,5,24,52,7,6,4,2,0,0,NA,NA,2,4,3,NA,NA,NA,NA,NA,NA,NA,NA,-4.1,12,NA,NA,0.8,9,18.6,19.9,4.1,0,0
1610612758,Domantas Sabonis,1627734,SAC,C,Big,19,564,1199,301,216,78,18,4,51,0.593,0.185,64,152,27,124,0.561,0.661,70,0.317,0.471,0.122,0.185,3.1,23.1,4.2,33.4,0.348,12.3,31.2,21.7,1.5,0.6,16.7
1610612755,Dominick Barlow,1631230,PHI,PF,Forward,47,1131,2368,385,229,56,45,31,37,0.618,0.281,101,128,65,160,0.569,0.725,57,0.203,0.316,0.228,0.281,4.5,13.3,1,17.5,0.306,9.7,12.7,6.9,1.9,2.5,10.4
1610612757,Donovan Clingan,1642270,POR,C,Big,55,1518,3226,653,635,117,28,81,62,0.643,0.337,255,380,175,242,0.509,0.69,58,0.122,0.448,0.368,0.337,5.2,15.9,2.4,22.9,0.284,17.8,27.5,11.3,0.9,4.8,10.4
1610612739,Donovan Mitchell,1628378,CLE,SG,Combo,55,1840,3967,1570,247,320,86,15,170,0.578,0.369,41,206,517,245,0.217,0.661,369,0.326,0.523,0.457,0.369,5.5,32.8,11.3,50.7,0.298,2.4,12.2,28.7,2.2,0.8,11.7
1610612750,Donte DiVincenzo,1628978,MIN,SG,Combo,59,1835,3919,755,263,250,82,25,90,0.51,0.39,58,205,467,81,0.132,0.593,64,0.105,0.406,0.763,0.39,2.4,16.9,4.3,26.7,0.132,3.5,12.1,18.1,2.1,1.2,12.2
1610612745,Dorian Finney-Smith,1627827,HOU,PF,Forward,23,381,776,71,58,16,8,4,16,0.529,0.246,20,38,65,14,0.171,0.571,3,0.037,0.333,0.793,0.246,-13.7,11,0,14.5,0.061,5.8,10.9,5.2,1.1,1,16
1610612758,Doug McDermott,203926,SAC,SF,Forward,12,116,251,52,9,4,3,1,6,1,0.4,1,8,40,1,0.024,1,0,0,0,0.976,0.4,6.2,17.5,1.3,21.2,0.049,0.9,8,4.9,1.2,0.8,12.5
1610612751,Drake Powell,1642962,BKN,SG,Combo,46,873,1785,276,78,69,24,7,46,0.569,0.284,14,64,116,47,0.209,0.723,62,0.276,0.452,0.516,0.284,-0.9,14.8,1.8,20.8,0.262,1.8,8.9,11.8,1.4,0.7,15.5
1610612744,Draymond Green,203110,GSW,PF,Big,48,1279,2740,408,273,246,39,31,129,0.554,0.32,37,236,222,88,0.244,0.682,51,0.141,0.333,0.615,0.32,-3.1,17,4.9,29.1,0.161,3.1,20.4,26.1,1.5,2.2,25
1610612758,Drew Eubanks,1629234,SAC,C,Big,34,456,957,169,93,14,13,20,25,0.612,0.167,30,63,6,51,0.418,0.784,65,0.533,0.477,0.049,0.167,4.1,15.5,1,19.2,0.352,7.2,16,4.4,1.4,4,15.1
1610612766,Drew Peterson,1641809,CHA,PF,Forward,6,64,131,5,9,2,3,1,0,0.5,0,3,6,12,3,0.188,0.667,1,0.062,0,0.75,0,-41.1,11.1,-0.5,13.6,0.125,5.4,10.4,3.8,2.3,1.4,0
1610612747,Drew Timme,1631166,LAL,PF,Big,18,150,311,63,23,15,5,0,6,0.655,0.412,8,15,17,15,0.326,0.667,14,0.304,0.643,0.37,0.412,8.3,16,3.4,23.8,0.152,6.5,11.4,14.4,1.6,0,10.9
1610612748,Dru Smith,1630696,MIA,SG,Combo,58,979,2194,342,149,156,85,19,48,0.479,0.299,51,98,117,79,0.28,0.595,86,0.305,0.372,0.415,0.299,-3,15.3,3.3,24.6,0.333,5.3,10.2,20.2,4,1.7,12.9
1610612765,Duncan Robinson,1629130,DET,SF,Wing,54,1508,3216,664,144,102,33,16,37,0.571,0.401,20,124,399,46,0.09,0.717,66,0.129,0.47,0.781,0.401,5.1,15.9,2.2,22,0.147,1.5,9,9.1,1.1,1.1,6.4
1610612757,Duop Reath,1641871,POR,C,Big,32,258,560,94,38,10,5,8,7,0.526,0.418,10,28,55,14,0.189,0.643,5,0.068,0.2,0.743,0.418,5.4,13.1,0.7,16.8,0.081,4.1,11.9,5.4,0.9,2.8,8.4
1610612742,Dwight Powell,203939,DAL,C,Big,41,550,1196,114,144,38,21,12,20,0.649,0,54,90,2,52,0.881,0.654,5,0.085,0.6,0.034,0,10.2,8.1,0.5,11.6,1.051,10.7,16.9,8.6,1.8,1.8,18.8
1610612758,Dylan Cardwell,1642928,SAC,C,Big,29,616,1273,156,223,36,22,47,24,0.604,0,91,132,1,62,0.554,0.758,49,0.438,0.408,0.009,0,4.3,10.6,0.7,14.7,0.357,16.1,24.8,7.9,1.7,6.9,15.6
1610612759,Dylan Harper,1642844,SAS,SG,Combo,46,1000,2124,502,153,167,38,15,63,0.547,0.254,31,122,114,202,0.468,0.614,116,0.269,0.431,0.264,0.254,-2.7,22.5,5.3,34.9,0.208,3.4,12.8,24.3,1.8,1.3,11.8
1610612737,Dyson Daniels,1630700,ATL,SG,Wing,57,1904,4099,646,374,347,106,22,108,0.556,0.122,127,247,82,277,0.474,0.671,225,0.385,0.413,0.14,0.122,-4.4,16.1,2.8,26.3,0.166,7.1,14.2,24.6,2.6,1,14.7
1610612751,E.J. Liddell,1630604,BKN,PF,Forward,10,49,103,22,11,0,1,0,0,0.667,0.364,3,8,11,2,0.118,1,4,0.235,0.5,0.647,0.364,4.1,16.3,0,17.8,0.176,6.7,19.9,0,1,0,0
1610612751,Egor Dëmin,1642856,BKN,PG,Combo,50,1262,2605,525,160,162,41,17,84,0.424,0.385,21,139,317,60,0.136,0.55,65,0.147,0.308,0.717,0.385,0,19.1,4.6,29.2,0.143,1.8,13.4,20,1.6,1.2,15.2
1610612762,Elijah Harkless,1641989,UTA,SG,Combo,9,88,189,19,8,10,6,0,4,0.5,0.222,2,6,9,4,0.267,0.5,2,0.133,0.5,0.6,0.222,-6.9,11,1.3,17.3,0.667,2.4,7.5,13.9,3.2,0,17.1
1610612759,Emanuel Miller,1641801,SAS,PF,Forward,5,33,72,15,3,4,2,0,0,0.571,0.333,1,2,6,3,0.231,0.333,4,0.308,0.75,0.462,0.333,-1.9,17.7,3.3,25.8,0.154,3.3,6.5,17.5,2.9,0,0
1610612750,Enrique Freeman,1642402,MIN,PF,Forward,2,8,20,0,3,0,0,1,0,NA,NA,0,3,0,NA,NA,NA,NA,NA,NA,NA,NA,NA,0,NA,NA,NA,0,40.5,0,0,11,NA
1610612755,Eric Gordon,201569,PHI,SG,Combo,6,74,156,33,2,3,4,1,3,0.571,0.571,1,1,14,6,0.286,0.667,1,0.048,0,0.667,0.571,19.5,14.2,1.6,18.5,0.095,1.5,1.5,5.9,2.6,1.3,12.1
1610612754,Ethan Thompson,1630679,IND,SG,Combo,23,379,799,112,42,33,14,6,14,0.463,0.309,11,31,68,14,0.128,0.714,27,0.248,0.333,0.624,0.309,-7.6,14.5,1.6,20.5,0.147,3,9.1,12,1.8,1.4,10.8
1610612739,Evan Mobley,1630596,CLE,PF,Big,45,1470,3128,789,386,174,40,83,92,0.594,0.305,101,285,164,241,0.405,0.739,190,0.319,0.411,0.276,0.305,1.9,21.9,4.6,32.2,0.336,7.5,21.1,17.1,1.3,5.3,11.9
1610612753,Franz Wagner,1630532,ORL,SF,Forward,28,891,1920,596,161,101,30,9,48,0.521,0.365,41,120,115,151,0.353,0.649,162,0.379,0.401,0.269,0.365,3.2,26.3,5.9,37,0.407,5,15.2,18.4,1.6,0.9,8.7
1610612763,GG Jackson,1641713,MEM,PF,Big,36,695,1494,360,138,46,24,24,40,0.613,0.339,21,117,115,99,0.367,0.697,56,0.207,0.464,0.426,0.339,3.4,20.5,2.8,27.3,0.281,3.2,18,9.8,1.6,3.2,11.6
1610612737,Gabe Vincent,1629216,ATL,PG,Point,32,611,1296,154,31,45,18,2,13,0.323,0.35,9,22,117,6,0.041,0.667,25,0.169,0.24,0.791,0.35,-5.7,11.8,0.8,16,0.081,1.7,4.1,9.4,1.4,0.3,7.8
1610612761,Garrett Temple,202066,TOR,SG,Combo,14,38,79,4,4,4,3,1,3,0,0.2,0,4,5,0,0,0,2,0.286,0,0.714,0.2,-30.5,12.2,0.7,18,0.286,0,11.9,12.4,3.8,2.6,27.6
1610612754,Garrison Mathews,1629726,IND,SG,Combo,15,196,425,78,17,10,6,3,3,0.667,0.37,2,15,46,4,0.077,0.5,2,0.038,1,0.885,0.37,6.9,14,1.2,17.9,0.442,1.1,8.5,7,1.5,1.3,4.6
1610612749,Gary Harris,203914,MIL,SG,Combo,39,559,1158,96,54,41,21,6,16,0.5,0.408,13,41,49,13,0.169,0.692,15,0.195,0.333,0.636,0.408,3.4,7.7,0.3,11.2,0.117,2.7,8.1,9.2,1.8,1.1,16.5
1610612744,Gary Payton II,1627780,GSW,SG,Combo,53,703,1501,296,165,82,34,17,47,0.648,0.31,63,102,84,129,0.524,0.682,33,0.134,0.515,0.341,0.31,2.8,18,3.6,26.6,0.057,9.8,16,17.5,2.3,2.2,15.7
1610612749,Gary Trent Jr.,1629018,MIL,SG,Wing,49,1117,2315,393,52,69,27,3,26,0.432,0.363,6,46,256,16,0.046,0.562,79,0.225,0.405,0.729,0.363,-2.7,15.6,1.4,20.3,0.117,0.6,4.6,8.3,1.2,0.3,6.6
1610612749,Giannis Antetokounmpo,203507,MIL,PF,Big,30,876,1830,839,301,168,27,22,100,0.666,0.395,84,217,38,327,0.671,0.789,122,0.251,0.336,0.078,0.395,12,36.2,13.2,55.6,0.612,10.9,27.4,38.2,1.5,2.5,13.9
1610612753,Goga Bitadze,1629048,ORL,C,Big,43,681,1454,250,215,49,30,50,23,0.725,0.2,88,127,10,118,0.776,0.78,24,0.158,0.458,0.066,0.2,15.6,12.3,1.3,17.1,0.342,14.1,21,10.4,2.1,6.5,11.6
1610612761,Gradey Dick,1641711,TOR,SG,Wing,58,916,1966,364,129,38,39,6,34,0.527,0.308,38,91,156,79,0.26,0.658,69,0.227,0.377,0.513,0.308,-1.8,17.3,1.1,21.1,0.24,4.6,11.2,5.6,2.1,0.6,9.4
1610612766,Grant Williams,1629684,CHA,PF,Forward,17,340,720,126,73,30,6,6,15,0.567,0.328,24,49,64,12,0.128,0.583,18,0.191,0.556,0.681,0.328,1.7,15.4,2.3,22,0.372,8.1,15.9,12,0.9,1.6,12.1
1610612756,Grayson Allen,1628960,PHX,SG,Combo,37,1117,2313,637,116,143,51,11,63,0.515,0.359,26,90,340,66,0.131,0.682,99,0.196,0.404,0.673,0.359,1.3,23.5,6,35.7,0.234,2.5,9.2,19.3,2.2,0.9,10.2
1610612741,Guerschon Yabusele,1627824,CHI,C,Big,49,570,1208,197,135,35,12,8,23,0.5,0.348,33,102,112,40,0.23,0.575,22,0.126,0.364,0.644,0.348,-2.7,15.4,1.4,20.4,0.144,6.3,19.6,8.1,1,1.3,11.1
1610612744,Gui Santos,1630611,GSW,PF,Forward,47,744,1580,301,152,78,35,17,50,0.673,0.388,45,107,116,78,0.359,0.731,23,0.106,0.478,0.535,0.388,7.5,16.3,3.4,24.3,0.212,6.6,15.9,15,2.3,2.1,17.4
1610612759,Harrison Barnes,203084,SAS,PF,Forward,57,1557,3300,597,169,119,36,11,50,0.561,0.373,51,118,287,85,0.185,0.718,88,0.191,0.409,0.624,0.373,3.5,14.9,2,20.9,0.211,3.6,7.9,10.1,1.1,0.6,9
1610612759,Harrison Ingram,1631127,SAS,SF,Wing,5,17,40,9,3,1,0,0,0,NA,NA,3,0,1,NA,NA,NA,NA,NA,NA,NA,NA,34.1,12.4,NA,NA,0,19.4,0,9,0,0,0
1610612740,Herbert Jones,1630529,NOP,SF,Combo,36,1044,2201,320,126,96,59,18,47,0.49,0.29,31,95,162,94,0.306,0.553,51,0.166,0.373,0.528,0.29,-7,15,1.8,21.6,0.15,3.1,10,12.2,2.7,1.7,12.6
1610612738,Hugo González,1642864,BOS,SF,Wing,52,784,1592,198,174,29,31,12,29,0.598,0.325,44,130,80,60,0.349,0.75,32,0.186,0.312,0.465,0.325,-1.3,11.6,0.3,14.8,0.122,6.2,18,4.7,2,1.5,13.8
1610612740,Hunter Dickinson,1630621,NOP,C,Big,1,5,10,2,0,0,0,1,2,NA,NA,0,0,0,NA,NA,NA,NA,NA,NA,NA,NA,-5.9,33.4,NA,NA,0,0,0,0,0,19.2,50
1610612755,Hunter Sallis,1642282,PHI,SG,Combo,7,26,57,7,1,4,0,1,5,NA,NA,0,1,0,NA,NA,NA,NA,NA,NA,NA,NA,3.6,17.7,NA,NA,0.4,0,4.3,20.9,0,3.6,46
1610612743,Hunter Tyson,1641816,DEN,PF,Forward,21,162,333,46,36,17,2,1,5,0.368,0.212,4,32,33,11,0.212,0.455,8,0.154,0.25,0.635,0.212,-16.1,16.9,1.7,23.9,0.25,2.9,21.3,13.1,0.6,0.6,8
1610612761,Immanuel Quickley,1630193,TOR,PG,Combo,55,1781,3715,948,235,331,68,5,89,0.524,0.379,31,204,390,88,0.119,0.67,261,0.353,0.475,0.528,0.379,2.3,21.6,7.8,36.5,0.231,1.9,12.9,27.1,1.9,0.3,9.9
1610612765,Isaac Jones,1642403,DET,PF,Forward,4,18,37,5,2,1,0,0,0,NA,NA,2,0,2,NA,NA,NA,NA,NA,NA,NA,NA,-4.7,11.4,NA,NA,0.5,12.1,0,7,0,0,0
1610612741,Isaac Okoro,1630171,CHI,SG,Wing,50,1320,2808,458,138,78,33,24,34,0.565,0.341,59,79,171,163,0.452,0.613,28,0.078,0.286,0.471,0.341,1.5,13.8,1.2,18.4,0.232,4.8,6.4,7.9,1.2,1.6,7.9
1610612762,Isaiah Collier,1642268,UTA,PG,Combo,50,1280,2779,540,128,364,54,16,124,0.561,0.282,19,109,85,128,0.322,0.727,184,0.463,0.446,0.214,0.282,1.4,19.2,7.6,36.7,0.423,1.6,9.4,39.7,2,1.2,20.8
1610612745,Isaiah Crawford,1642384,HOU,SF,Wing,6,30,58,7,2,2,2,2,0,NA,NA,0,2,4,NA,NA,NA,NA,NA,NA,NA,NA,2.4,8.4,NA,NA,0,0,7.3,8.6,3.3,6.1,0
1610612760,Isaiah Hartenstein,1628392,OKC,C,Big,33,848,1774,352,314,115,33,24,67,0.659,0,110,204,5,138,0.597,0.768,88,0.381,0.489,0.022,0,9.6,17.1,2.3,25.4,0.372,14.8,25.1,19,1.9,2.8,19.9
1610612746,Isaiah Jackson,1630543,LAC,C,Big,40,647,1387,248,212,31,27,29,43,0.59,0,86,126,1,119,0.713,0.672,47,0.281,0.383,0.006,0,5.8,15.9,1.3,20.2,0.461,13.9,21.7,7,2,3.8,17.6
1610612760,Isaiah Joe,1630198,OKC,SG,Combo,50,1078,2285,550,129,73,38,9,33,0.512,0.427,26,103,300,35,0.092,0.571,45,0.118,0.467,0.789,0.427,9.3,18.2,2.9,24.4,0.25,2.7,10,9.2,1.7,0.8,7.3
1610612756,Isaiah Livers,1630587,PHX,PF,Forward,32,331,702,65,60,21,12,8,12,0.455,0.308,19,41,39,13,0.213,0.692,9,0.148,0.111,0.639,0.308,-6.9,10,0.3,13.6,0.197,6.1,14.1,8.1,1.8,2.3,15.3
1610612758,Isaiah Stevens,1641815,SAC,PG,Point,3,43,88,10,3,10,5,0,2,0.5,0,2,1,1,3,0.429,0.667,3,0.429,0.333,0.143,0,1.2,10.6,2.2,22.3,0.571,5.1,2.7,29.8,5.6,0,18.6
1610612765,Isaiah Stewart,1630191,DET,C,Big,48,1116,2359,479,247,55,13,82,56,0.639,0.321,78,169,106,153,0.451,0.765,80,0.236,0.4,0.313,0.321,6.3,16.3,1.7,21.6,0.307,7.8,16.5,6.7,0.6,7.3,12.7
1610612754,Ivica Zubac,1627826,IND,C,Big,43,1328,2708,619,473,96,16,36,82,0.613,0,148,325,0,241,0.562,0.71,188,0.438,0.489,0,0,7.6,19.1,0,0,0.308,13.4,27.7,11.6,0.6,2.6,14.4
1610612745,JD Davison,1631120,HOU,PG,Combo,24,178,360,53,21,26,5,4,7,0.5,0.296,2,19,27,7,0.137,0.714,17,0.333,0.412,0.529,0.296,-7.7,14.6,3.1,24.9,0.176,1.2,11.7,19.2,1.4,2.1,11.3
1610612763,Ja Morant,1629630,MEM,PG,Point,20,568,1265,389,65,161,20,6,71,0.473,0.235,8,57,85,83,0.258,0.614,154,0.478,0.396,0.264,0.235,-3.8,32.3,10.4,52.2,0.363,1.5,10.7,44.6,1.7,1,16
1610612761,Ja'Kobe Walter,1642266,TOR,SG,Combo,48,902,1890,320,112,49,45,8,28,0.549,0.368,35,77,163,64,0.252,0.609,27,0.106,0.407,0.642,0.368,2.2,14.4,1.2,18.9,0.193,4.3,9.7,7.2,2.4,0.9,9.2
1610612745,Jabari Smith Jr.,1631095,HOU,PF,Forward,55,1923,3922,858,387,98,46,55,73,0.531,0.37,84,303,343,121,0.176,0.694,222,0.324,0.441,0.5,0.37,1.2,18,2,24.3,0.214,4.9,17.3,7.1,1.2,2.6,8.9
1610612755,Jabari Walker,1631133,PHI,PF,Forward,49,592,1267,178,149,24,19,11,18,0.494,0.286,55,94,70,72,0.465,0.556,13,0.084,0.154,0.452,0.286,-5.2,13.8,0.5,17.1,0.303,10.1,17.9,5.4,1.6,1.7,9.3
1610612737,Jacob Toppin,1631210,ATL,SF,Wing,5,17,37,8,1,1,0,1,0,NA,NA,0,1,0,NA,NA,NA,NA,NA,NA,NA,NA,10.8,14.7,NA,NA,0,0,6.4,8.9,0,5.3,0
1610612764,Jaden Hardy,1630702,WAS,SG,Combo,37,482,1047,273,54,31,10,3,29,0.432,0.392,11,43,143,26,0.116,0.538,55,0.246,0.382,0.638,0.392,0.2,23.7,3.2,30.5,0.196,2.5,9.3,9.4,1,0.5,10.6
1610612741,Jaden Ivey,1631093,CHI,SG,Combo,37,670,1422,316,91,68,23,14,41,0.525,0.373,24,67,134,57,0.223,0.596,65,0.254,0.462,0.523,0.373,1.2,19.6,3.9,28.7,0.184,4,10.9,14,1.6,2,12.9
1610612750,Jaden McDaniels,1630183,MIN,PF,Wing,57,1839,3912,864,251,164,58,63,105,0.549,0.452,66,185,197,180,0.286,0.711,252,0.401,0.433,0.313,0.452,6.4,18.2,3.6,26.2,0.232,4,10.9,12.5,1.5,3,13.2
1610612745,Jae'Sean Tate,1630256,HOU,SF,Wing,34,287,585,92,47,17,9,3,10,0.593,0.333,22,25,24,27,0.346,0.741,27,0.346,0.444,0.308,0.333,0.8,13.3,1.2,18.6,0.09,8.5,9.5,8.1,1.6,1,11
1610612763,Jahmai Mashack,1642942,MEM,SG,Big,15,218,484,62,25,16,20,4,14,0.472,0.29,7,18,31,21,0.313,0.571,15,0.224,0.333,0.463,0.29,-10.8,15.7,1.1,20.4,0.06,3.4,8.8,9.8,4.3,1.7,16.9
1610612748,Jahmir Young,1642443,MIA,PG,Point,8,44,101,17,4,6,1,0,2,0.417,0.286,2,2,7,8,0.421,0.375,4,0.211,0.5,0.368,0.286,-12.2,19.7,2.9,27.8,0.053,4.6,4.7,18.3,1,0,9.3
1610612746,Jahmyl Telfort,1643141,LAC,PF,Wing,8,32,67,1,3,1,1,0,1,NA,NA,0,3,4,NA,NA,NA,NA,NA,NA,NA,NA,-47.2,9.4,NA,NA,1,0,10.6,3.8,1.6,0,14.8
1610612748,Jaime Jaquez Jr.,1631170,MIA,SF,Forward,54,1544,3422,808,289,250,45,15,120,0.551,0.259,73,216,108,241,0.37,0.685,303,0.465,0.446,0.166,0.259,-0.1,22.1,5,33.7,0.253,4.8,14.3,23.4,1.3,0.9,14.2
1610612747,Jake LaRavia,1631222,LAL,PF,Forward,57,1504,3161,521,224,107,73,27,65,0.595,0.33,77,147,191,120,0.303,0.742,85,0.215,0.388,0.482,0.33,2.4,14.8,1.7,19.9,0.29,6.2,11.1,9.5,2.4,1.7,12.7
1610612761,Jakob Poeltl,1627751,TOR,C,Big,24,593,1260,221,176,48,18,11,36,0.691,0,63,113,0,95,0.683,0.779,44,0.317,0.5,0,0,12.9,14.1,0,0,0.353,11.7,21.6,11.4,1.5,1.8,18.3
1610612752,Jalen Brunson,1628973,NYK,PG,Point,54,1874,3864,1443,181,332,38,7,123,0.526,0.372,26,155,411,162,0.148,0.636,521,0.476,0.491,0.376,0.372,2.6,30.7,11,49.4,0.288,1.5,9.2,29.1,1,0.4,9.1
1610612765,Jalen Duren,1631105,DET,C,Big,46,1276,2685,828,485,80,43,34,86,0.634,0,175,310,0,335,0.653,0.71,178,0.347,0.489,0,0,10.9,22.8,0,0,0.474,15.3,26.5,9.8,1.6,2.7,12.2
1610612756,Jalen Green,1630224,PHX,SG,Combo,11,218,450,146,32,25,12,0,16,0.442,0.292,7,25,72,33,0.221,0.455,44,0.295,0.432,0.483,0.292,-9.8,33.8,6,47.2,0.141,3.4,13,19.3,2.7,0,9.2
1610612737,Jalen Johnson,1630552,ATL,SF,Forward,54,1901,4136,1243,573,429,71,27,183,0.549,0.343,82,491,248,298,0.32,0.708,385,0.414,0.426,0.266,0.343,2.5,27.4,10.4,45.4,0.327,4.6,28.2,34.7,1.8,1.3,14.7
1610612743,Jalen Pickett,1629618,DEN,SG,Combo,39,688,1396,212,102,99,13,4,28,0.466,0.374,18,84,107,28,0.144,0.607,60,0.308,0.4,0.549,0.374,-2.9,14.4,3.6,24.2,0.056,3.1,13.2,18.7,0.9,0.5,12.3
1610612741,Jalen Smith,1630188,CHI,C,Big,46,935,2019,473,320,59,23,37,45,0.613,0.385,84,236,187,133,0.38,0.669,30,0.086,0.367,0.534,0.385,5.5,19.4,2.6,25.4,0.222,9.7,26.9,9.1,1.2,3.4,10.5
1610612753,Jalen Suggs,1630591,ORL,PG,Point,34,900,1971,473,135,185,66,26,86,0.575,0.328,24,111,204,77,0.204,0.675,97,0.257,0.495,0.54,0.328,1,23.6,7.6,37.9,0.225,2.9,13.9,31.1,3.5,2.6,17.2
1610612760,Jalen Williams,1631114,OKC,SG,Forward,26,755,1618,455,122,141,33,9,50,0.515,0.312,17,105,64,122,0.334,0.68,179,0.49,0.402,0.175,0.312,-0.4,26.3,7.5,40.3,0.279,2.6,14.4,28.4,2.1,1.2,10.9
1610612751,Jalen Wilson,1630592,BKN,PF,Forward,37,536,1099,196,60,22,16,2,21,0.381,0.359,8,52,103,33,0.199,0.455,30,0.181,0.3,0.62,0.359,-3.5,16.9,1.1,21.2,0.289,1.6,11.8,6.2,1.5,0.3,10.1
1610612753,Jamal Cain,1631288,ORL,SF,Wing,20,137,290,51,16,7,5,1,7,0.429,0.3,7,9,20,8,0.195,0.375,13,0.317,0.462,0.488,0.3,-3.8,17.3,1.3,22.1,0.439,5.6,7.4,6.9,1.8,0.7,12.5
1610612743,Jamal Murray,1627750,DEN,PG,Point,53,1874,3899,1352,235,396,52,20,126,0.524,0.423,21,214,395,177,0.18,0.65,409,0.417,0.469,0.403,0.423,5.6,28.5,12.9,48.2,0.273,1.3,12.3,33.4,1.4,1,10.3
1610612761,Jamal Shead,1642347,TOR,PG,Point,58,1291,2718,404,114,311,59,9,81,0.429,0.322,21,93,202,72,0.194,0.556,98,0.263,0.337,0.543,0.322,-6.5,16.2,5.7,30.7,0.223,1.8,8.1,31.5,2.2,0.7,16.5
1610612756,Jamaree Bouyea,1631123,PHX,PG,Point,32,498,1007,207,62,58,23,13,21,0.559,0.328,14,48,58,38,0.216,0.895,80,0.455,0.4,0.33,0.328,-0.4,17.6,3.8,27.6,0.136,3,11,17.2,2.3,2.5,10.1
1610612739,James Harden,201935,CLE,PG,Combo,51,1784,3640,1250,244,414,63,21,185,0.493,0.36,33,211,430,163,0.19,0.644,265,0.309,0.4,0.501,0.36,4.4,30.2,13.3,51.6,0.471,2.2,13.3,37.2,1.8,1.1,15.2
1610612754,James Wiseman,1630164,IND,C,Big,4,58,127,13,8,3,0,1,5,0.6,0,5,3,0,7,0.7,0.714,3,0.3,0.333,0,0,3.8,11.6,0,0,0.2,9,5.8,7.1,0,1.5,31.5
1610612764,Jamir Watkins,1642364,WAS,SG,Wing,30,559,1193,172,106,26,25,15,17,0.614,0.266,29,77,79,44,0.295,0.773,26,0.174,0.346,0.53,0.266,-3.4,13.5,0.7,17.3,0.228,5.4,14.6,6.2,2.1,2.4,9.4
1610612761,Jamison Battle,1642419,TOR,SF,Forward,41,348,731,127,59,16,5,2,14,0.634,0.418,15,44,55,30,0.312,0.667,11,0.115,0.545,0.573,0.418,7.6,14,1.1,18,0.094,4.7,14.3,6.3,0.7,0.6,12.3
1610612754,Jarace Walker,1641716,IND,PF,Forward,58,1424,3133,625,286,132,48,20,103,0.435,0.356,38,248,264,108,0.202,0.537,163,0.305,0.368,0.493,0.356,-3.5,20.7,3,27.7,0.26,2.8,19.4,13.5,1.6,1.2,14.7
1610612760,Jared McCain,1642272,OKC,SG,Combo,44,743,1595,318,98,67,27,2,39,0.411,0.392,14,84,143,62,0.218,0.516,79,0.278,0.329,0.504,0.392,-3.1,19.5,3,26.6,0.137,2.1,12.6,12.8,1.8,0.3,11.5
1610612762,Jaren Jackson Jr.,1628991,UTA,C,Big,48,1455,3140,931,272,94,53,69,107,0.533,0.357,42,230,235,137,0.191,0.62,347,0.483,0.499,0.327,0.357,1.7,26.1,3.8,34.1,0.282,3.1,16.9,10.3,1.7,4.4,11.7
1610612747,Jarred Vanderbilt,1629020,LAL,PF,Forward,48,900,1881,235,232,62,45,17,47,0.586,0.312,67,165,80,96,0.503,0.615,15,0.079,0.4,0.419,0.312,-0.4,12.5,1,17,0.246,9,20.9,9,2.4,1.8,18.2
1610612739,Jarrett Allen,1628386,CLE,C,Big,47,1288,2761,699,403,91,45,42,64,0.645,0.1,120,283,10,239,0.549,0.77,186,0.428,0.484,0.023,0.1,10.8,19,2.1,25.3,0.467,10.1,23.9,10.3,1.7,3,10.9
1610612753,Jase Richardson,1642859,ORL,SG,Combo,42,491,1024,202,53,49,12,2,22,0.556,0.362,19,34,69,41,0.258,0.683,49,0.308,0.449,0.434,0.362,1.7,17,3.2,25.1,0.233,4.2,7.8,14.4,1.2,0.4,11.2
1610612763,Javon Small,1642914,MEM,PG,Point,23,377,834,167,55,79,13,5,25,0.433,0.419,15,40,62,30,0.233,0.633,37,0.287,0.27,0.481,0.419,1.2,18.8,7.1,32.7,0.302,4.3,11.4,29.1,1.6,1.2,14.6
1610612757,Javonte Cooke,1631451,POR,SG,Combo,17,89,200,23,17,7,6,0,9,0.353,0.143,3,14,21,6,0.158,0.333,11,0.289,0.364,0.553,0.143,-26.3,21.8,1.1,27.4,0.053,3.6,17.3,10.5,3.2,0,18.8
1610612765,Javonte Green,1629750,DET,SG,Combo,56,1028,2208,382,153,40,72,17,37,0.556,0.352,45,108,162,87,0.304,0.644,37,0.129,0.351,0.566,0.352,2.7,14.5,0.9,18.4,0.318,4.9,11.5,5,3.4,1.6,10.2
1610612747,Jaxson Hayes,1629637,LAL,C,Big,47,812,1713,320,179,43,19,29,24,0.767,1,66,113,2,135,0.776,0.8,37,0.213,0.649,0.011,1,20.9,12.4,1.3,16.3,0.448,9.8,15.9,7.5,1.1,3.3,10.3
1610612754,Jay Huff,1630643,IND,C,Big,59,1189,2555,526,224,79,33,113,46,0.747,0.31,52,172,261,122,0.297,0.779,28,0.068,0.607,0.635,0.31,3.7,17.3,2.1,22.9,0.168,4.6,16.1,9.9,1.3,8.1,9.4
1610612738,Jaylen Brown,1627759,BOS,SF,Wing,51,1749,3552,1490,359,249,52,20,183,0.531,0.344,57,302,305,233,0.202,0.725,613,0.533,0.457,0.265,0.344,1.1,36.9,10.5,54.7,0.31,3.6,18.8,25.1,1.5,1.2,12.3
1610612750,Jaylen Clark,1641740,MIN,SG,Combo,54,719,1546,206,101,31,39,8,19,0.525,0.292,47,54,73,60,0.347,0.617,41,0.237,0.39,0.416,0.292,-4.4,12.8,0.4,16,0.339,7.3,8.1,5.5,2.6,1,8.7
1610612763,Jaylen Wells,1642377,MEM,SG,Wing,55,1474,3138,679,186,93,46,7,63,0.507,0.338,50,136,287,110,0.196,0.591,164,0.292,0.451,0.512,0.338,-1.4,19.3,2.2,25.7,0.253,3.6,9.9,8.9,1.5,0.4,9.2
1610612760,Jaylin Williams,1631119,OKC,PF,Big,44,843,1800,278,216,109,25,29,44,0.523,0.329,23,193,164,32,0.14,0.562,33,0.144,0.485,0.716,0.329,-1.8,15.4,3,23.4,0.275,3.1,23.9,16.4,1.4,3.4,14.6
1610612739,Jaylon Tyson,1642281,CLE,SG,Wing,54,1472,3111,728,288,119,45,22,82,0.542,0.464,104,184,233,177,0.326,0.599,133,0.245,0.466,0.429,0.464,6.6,18.8,3.7,26.8,0.164,7.7,13.6,11.3,1.5,1.4,12.3
1610612745,Jeff Green,201145,HOU,PF,Big,19,84,167,41,10,3,1,1,1,0.556,0.417,1,9,24,5,0.152,0.6,4,0.121,0.5,0.727,0.417,5.4,17.2,1.7,23.2,0.03,1.3,11.7,5.1,0.6,1.1,2.9
1610612757,Jerami Grant,203924,POR,PF,Forward,43,1255,2738,800,151,98,29,28,89,0.495,0.377,40,111,257,176,0.315,0.625,125,0.224,0.312,0.461,0.377,3.8,24.5,4.3,33.5,0.457,3.4,9.7,12,1.1,2,11.7
1610612740,Jeremiah Fears,1642847,NOP,PG,Point,59,1509,3232,772,220,187,74,18,130,0.468,0.314,43,177,191,279,0.404,0.577,221,0.32,0.33,0.276,0.314,-5.1,24.6,4.8,35.3,0.229,3,12.9,18.4,2.4,1.1,14.6
1610612742,Jeremiah Robinson-Earl,1630526,DAL,PF,Forward,22,361,785,101,103,15,9,1,12,0.458,0.244,36,67,41,44,0.44,0.477,15,0.15,0.4,0.41,0.244,-9.1,14,0.4,17,0.18,10.5,20.4,5.6,1.2,0.2,10
1610612752,Jeremy Sochan,1631110,NYK,PF,Big,32,388,813,118,78,31,11,6,18,0.586,0.25,26,52,36,49,0.462,0.633,21,0.198,0.476,0.34,0.25,-3.2,14.1,1.5,19.9,0.152,7.3,14.1,10.5,1.4,1.4,13.8
1610612749,Jericho Sims,1630579,MIL,C,Big,42,685,1402,159,189,40,8,12,43,0.828,0,61,128,0,79,0.908,0.848,8,0.092,0.625,0,0,26,9,0,0,0.264,10.2,20.7,7.7,0.6,1.7,30.7
1610612753,Jett Howard,1641724,ORL,SF,Forward,37,412,857,178,51,31,7,8,8,0.482,0.333,13,38,99,23,0.148,0.522,33,0.213,0.455,0.639,0.333,-2.6,18,2.3,24.8,0.174,3.5,10.4,10.7,0.8,1.7,4.6
1610612753,Jevon Carter,1628975,ORL,PG,Combo,28,350,752,153,38,29,18,5,15,0.389,0.392,7,31,97,14,0.105,0.357,22,0.165,0.409,0.729,0.392,-0.4,18.5,2.7,25.2,0.083,2.2,9.6,11.6,2.5,1.3,9.8
1610612744,Jimmy Butler III,202710,GSW,SF,Forward,38,1182,2505,760,211,185,55,8,60,0.553,0.376,88,123,85,194,0.421,0.701,182,0.395,0.396,0.184,0.376,8.7,23.2,7.5,36.8,0.621,8.1,11.5,24.1,2.2,0.6,9.3
1610612750,Joan Beringer,1642866,MIN,PF,Big,29,202,447,91,57,7,3,13,8,0.678,0,29,28,0,55,0.932,0.691,4,0.068,0.5,0,0,12.5,15.5,0,0,0.288,16,15,5,0.7,5.7,10.7
1610612737,Jock Landale,1629111,ATL,C,Big,53,1224,2601,597,334,86,28,28,50,0.582,0.4,163,171,155,166,0.37,0.627,128,0.285,0.523,0.345,0.4,4.5,18.4,2.8,25.4,0.229,14.3,15,10.3,1.1,2.1,9.2
1610612750,Joe Ingles,204060,MIN,SF,Wing,20,80,199,10,7,16,7,0,7,0.5,0.333,0,7,6,1,0.125,0,1,0.125,1,0.75,0.333,0.4,8.3,1.6,15.2,0.25,0,9.4,23.4,4.2,0,44.1
1610612755,Joel Embiid,203954,PHI,C,Big,32,998,2086,852,238,126,20,35,96,0.548,0.317,66,172,126,154,0.266,0.675,300,0.517,0.483,0.217,0.317,4.9,33.7,8.6,48.9,0.471,7.2,19.4,22.5,1,3.3,12.1
1610612746,John Collins,1628381,LAC,PF,Forward,53,1473,3000,729,273,51,43,43,72,0.636,0.427,74,199,171,187,0.37,0.77,148,0.292,0.466,0.338,0.427,10,18.9,1.9,23.4,0.213,6,15.3,5.5,1.5,2.8,11.5
1610612762,John Konchar,1629723,UTA,SG,Wing,36,568,1233,116,117,54,43,17,18,0.727,0.269,30,87,52,38,0.396,0.763,6,0.062,0.5,0.542,0.269,0.4,8.8,0.8,13.7,0.167,5.7,16.5,12.1,3.6,2.8,14.9
1610612738,John Tonje,1642910,BOS,SG,Wing,1,4,6,0,0,0,0,0,0,NA,NA,0,0,1,NA,NA,NA,NA,NA,NA,NA,NA,-55.9,10.8,NA,NA,0,0,0,0,0,0,0
1610612755,Johni Broome,1641780,PHI,C,Big,11,55,117,10,16,4,3,2,3,0.211,0,7,9,5,8,0.333,0.375,11,0.458,0.091,0.208,0,-37.1,22.8,0.5,28.3,0.25,13.8,18.4,9.3,2.6,3.4,10.1
1610612754,Johnny Furphy,1642277,IND,SG,Wing,35,643,1372,180,153,41,20,7,29,0.603,0.324,32,121,71,61,0.409,0.689,17,0.114,0.294,0.477,0.324,-1.2,12.7,0.9,17,0.235,5.2,20.9,8.8,1.5,0.9,15
1610612750,Johnny Juzang,1630548,MIN,SG,Wing,21,88,206,43,17,6,2,1,5,0.714,0.25,5,12,24,4,0.105,1,10,0.263,0.6,0.632,0.25,-4.1,22.2,2,26.2,0.211,6.3,14.7,9.6,1.1,1,10.7
1610612743,Jonas Valančiūnas,202685,DEN,C,Big,46,663,1338,410,239,58,12,28,55,0.588,0.278,74,165,18,119,0.41,0.639,153,0.528,0.549,0.062,0.278,5.6,25.5,4,35.1,0.338,13.3,26.8,13.7,0.9,3.9,14.2
1610612753,Jonathan Isaac,1628371,ORL,PF,Forward,48,491,1041,131,127,22,18,30,18,0.559,0.189,40,87,37,49,0.467,0.653,19,0.181,0.316,0.352,0.189,-5.4,12.7,0.5,16.1,0.533,8.9,20,5.9,1.8,5.4,12.2
1610612737,Jonathan Kuminga,1630228,ATL,PF,Big,21,501,1061,269,124,54,10,6,48,0.517,0.351,32,92,57,72,0.35,0.653,77,0.374,0.39,0.277,0.351,0.6,24.1,4.9,34.3,0.354,6.9,20.3,16.5,1,1.1,16.8
1610612761,Jonathan Mogbo,1642367,TOR,PF,Big,23,139,300,30,37,10,4,4,6,0.5,0,12,25,0,20,0.714,0.5,8,0.286,0.5,0,0,-6.2,11.1,0,0,0.179,9.5,20.3,9.3,1.4,2.8,16.6
1610612752,Jordan Clarkson,203903,NYK,SG,Combo,52,964,2018,465,89,67,21,8,53,0.516,0.333,41,48,186,79,0.197,0.595,136,0.339,0.471,0.464,0.333,-2.2,21.4,2.8,28.6,0.18,4.6,5.5,9.9,1.1,0.8,10.9
1610612756,Jordan Goodwin,1630692,PHX,PG,Combo,54,1206,2484,482,256,121,80,11,53,0.467,0.356,103,153,239,113,0.252,0.584,97,0.216,0.33,0.532,0.356,-4.4,18.3,3.1,26.9,0.096,9.1,14.4,14.4,3.3,0.9,10.2
1610612740,Jordan Hawkins,1641722,NOP,SG,Combo,38,504,1070,156,62,27,8,7,23,0.342,0.306,14,48,98,17,0.098,0.471,59,0.339,0.305,0.563,0.306,-13,17,0.9,21.7,0.103,2.9,10.5,7.1,0.8,1.3,11.2
1610612759,Jordan McLaughlin,1629162,SAS,PG,Point,27,169,367,54,18,19,13,1,9,0.4,0.385,4,14,26,14,0.275,0.643,11,0.216,0.091,0.51,0.385,-5.1,15.5,2.5,22.6,0.098,2.6,8.7,14.6,3.7,0.5,14.5
1610612746,Jordan Miller,1641757,LAC,SF,Wing,36,713,1450,326,109,63,25,6,41,0.593,0.342,32,77,73,75,0.344,0.667,70,0.321,0.514,0.335,0.342,6.4,18.9,3.4,26.6,0.454,5.4,12.2,13.3,1.8,0.8,13.6
1610612740,Jordan Poole,1629673,NOP,PG,Combo,31,782,1687,444,64,97,20,9,55,0.433,0.339,7,57,236,76,0.205,0.487,58,0.157,0.362,0.638,0.339,-2.3,25,5.3,35.9,0.27,0.9,8,17.9,1.2,1.1,11.7
1610612738,Jordan Walsh,1641775,BOS,PF,Forward,51,910,1809,281,215,41,41,24,29,0.621,0.382,72,143,89,86,0.42,0.733,30,0.146,0.3,0.434,0.382,6.6,12.1,0.9,16.4,0.22,8.7,17.1,5.9,2.3,2.7,11.4
1610612752,Jose Alvarado,1630631,NYK,PG,Point,48,1046,2198,390,133,153,51,6,54,0.543,0.357,18,115,235,53,0.156,0.698,52,0.153,0.385,0.691,0.357,-0.7,16.3,4.1,26.7,0.088,1.8,12.1,19.9,2.4,0.6,13.3
1610612741,Josh Giddey,1630581,CHI,PG,Combo,38,1187,2587,677,306,318,37,13,136,0.5,0.364,45,261,176,181,0.352,0.58,157,0.305,0.408,0.342,0.364,0.6,26.1,11.4,45.8,0.375,4.1,23.4,39.5,1.5,0.9,18.5
1610612766,Josh Green,1630182,CHA,SG,Combo,35,574,1181,179,72,34,22,4,21,0.588,0.44,32,40,91,22,0.176,0.636,12,0.096,0.5,0.728,0.44,10.8,11.4,1.2,16.2,0.168,6.4,7.7,8,1.9,0.6,13.5
1610612752,Josh Hart,1628404,NYK,SF,Wing,47,1428,2960,557,350,244,53,14,96,0.565,0.397,66,284,179,132,0.311,0.674,114,0.268,0.439,0.421,0.397,4,16.7,5.7,29.2,0.214,5,22.2,23.3,1.8,1,17.1
1610612751,Josh Minott,1631169,BKN,PF,Big,33,526,1061,192,118,33,24,12,20,0.583,0.442,40,78,77,37,0.27,0.784,23,0.168,0.261,0.562,0.442,9.2,13.8,1.9,19.5,0.191,8.4,16.1,8.3,2.3,2.3,11.9
1610612745,Josh Okogie,1629006,HOU,SG,Combo,53,1034,2077,274,147,47,49,12,36,0.5,0.382,62,85,123,70,0.314,0.586,30,0.135,0.3,0.552,0.382,-0.5,11.5,0.5,15.7,0.247,6.7,9,5.8,2.4,1.1,12.7
1610612757,Jrue Holiday,201950,POR,PG,Point,30,851,1844,471,137,188,36,3,85,0.533,0.374,47,90,187,70,0.182,0.686,127,0.331,0.449,0.487,0.374,1.3,23.6,9.4,41.3,0.164,5.9,11.6,34.3,2,0.3,17.1
1610612759,Julian Champagnie,1630577,SAS,SF,Forward,57,1594,3403,634,334,82,44,24,52,0.595,0.374,49,285,366,68,0.143,0.765,43,0.09,0.326,0.767,0.374,4.6,15.2,1.4,19.7,0.224,3.4,18.7,6.8,1.3,1.3,9
1610612750,Julian Phillips,1641763,MIN,SF,Forward,38,346,765,107,44,7,20,6,8,0.548,0.32,22,22,50,36,0.391,0.583,6,0.065,0.333,0.543,0.32,-1.6,13,-0,14.6,0.163,6.9,6.8,2.6,2.7,1.5,7.5
1610612743,Julian Strawther,1631124,DEN,SG,Wing,35,514,1083,245,76,39,17,3,21,0.563,0.337,9,67,86,46,0.243,0.696,57,0.302,0.456,0.455,0.337,1.8,19.8,2.8,26.3,0.28,2.1,14,10.6,1.6,0.5,9
1610612750,Julius Randle,203944,MIN,PF,Forward,59,1973,4223,1295,406,314,65,15,153,0.56,0.321,98,308,277,298,0.322,0.688,350,0.378,0.451,0.299,0.321,3.7,26.4,7.5,40.3,0.398,5.5,16.8,24,1.6,0.7,12.3
1610612764,Justin Champagnie,1630551,WAS,SF,Wing,52,991,2119,403,297,56,42,29,34,0.599,0.339,111,186,115,147,0.479,0.687,45,0.147,0.311,0.375,0.339,3.4,15.7,1.6,20.7,0.241,11.7,19.9,8,2,2.6,9.1
1610612755,Justin Edwards,1642348,PHI,SF,Wing,44,608,1317,203,63,45,29,8,24,0.523,0.336,18,45,113,28,0.157,0.679,37,0.208,0.405,0.635,0.336,-1.9,14.8,1.5,19.7,0.129,3.2,8.3,10.1,2.3,1.2,11.3
1610612762,Jusuf Nurkić,203994,UTA,C,Big,41,1083,2377,447,425,196,52,22,101,0.54,0.352,106,319,71,132,0.369,0.583,155,0.433,0.503,0.198,0.352,-1.1,19.4,5.3,31.4,0.316,10.5,32.4,25.7,2.3,2,19.9
1610612743,KJ Simpson,1642354,DEN,PG,Point,15,230,478,87,30,39,15,0,24,0.385,0.308,6,24,39,25,0.275,0.48,27,0.297,0.296,0.429,0.308,-11.9,22.5,5.2,35.6,0.198,3,11.5,23.9,3.2,0,19.5
1610612764,Kadary Richmond,1642955,WAS,SG,Forward,3,67,151,25,10,8,8,1,2,0.667,0.5,1,9,4,9,0.562,0.667,3,0.188,0.667,0.25,0.5,16.3,12,2.9,18.8,0.188,1.6,14.3,16.8,5.7,1.3,10.4
1610612754,Kam Jones,1642880,IND,SG,Combo,22,327,717,86,30,46,9,0,16,0.551,0.286,7,23,35,15,0.179,0.733,34,0.405,0.471,0.417,0.286,-6.3,13.2,2.2,20.7,0.071,2.2,7.8,19.5,1.3,0,15.6
1610612752,Karl-Anthony Towns,1626157,NYK,C,Big,55,1723,3610,1098,643,157,50,33,141,0.529,0.367,167,476,245,351,0.459,0.61,169,0.221,0.361,0.32,0.367,4.6,25.8,5.3,36.1,0.425,10.5,30.8,13.6,1.4,1.9,13.4
1610612740,Karlo Matković,1631255,NOP,PF,Big,46,618,1329,240,154,35,16,37,24,0.72,0.458,42,112,59,83,0.522,0.831,17,0.107,0.176,0.371,0.458,15.1,13,1.5,17.6,0.145,7.2,19.9,8,1.2,5.8,12.4
1610612748,Kasparas Jakučionis,1642857,MIA,PG,Point,32,543,1221,181,81,79,21,2,30,0.34,0.448,27,54,87,31,0.221,0.452,22,0.157,0.182,0.621,0.448,3,13.7,3.6,22.4,0.221,5,10.2,18.2,1.8,0.3,16.3
1610612746,Kawhi Leonard,202695,LAC,SF,Wing,44,1441,2913,1234,280,163,89,23,98,0.556,0.381,45,235,307,125,0.144,0.752,438,0.503,0.5,0.353,0.381,6.1,33.7,9.1,48.2,0.326,3.8,18.5,21.7,3.1,1.5,9
1610612737,Keaton Wallace,1630811,ATL,PG,Point,42,455,964,159,47,81,21,5,22,0.436,0.395,3,44,86,6,0.043,0.5,49,0.348,0.429,0.61,0.395,-1.9,15.5,4.9,27.3,0.099,0.7,10.6,23.3,2.2,1,13
1610612758,Keegan Murray,1631099,SAC,PF,Forward,22,784,1646,318,131,38,24,35,27,0.508,0.279,33,98,111,33,0.111,0.758,154,0.517,0.455,0.372,0.279,-5.9,18.7,1.4,23.7,0.154,4.6,14.4,7,1.5,4,7.8
1610612748,Kel'el Ware,1642276,MIA,C,Big,55,1218,2694,628,515,30,41,54,46,0.593,0.403,168,347,159,239,0.502,0.69,78,0.164,0.295,0.334,0.403,5.7,18.4,1.2,22.3,0.162,14,29.2,3.5,1.6,4,8.3
1610612759,Keldon Johnson,1629640,SAS,SF,Wing,57,1352,2880,762,325,79,37,8,55,0.623,0.381,100,225,181,223,0.418,0.677,130,0.243,0.531,0.339,0.381,7.8,20.3,2.9,26.8,0.272,8.1,17.4,8.6,1.3,0.5,8.4
1610612759,Kelly Olynyk,203482,SAS,C,Big,32,299,635,109,61,38,13,1,21,0.705,0.237,20,41,38,30,0.366,0.833,14,0.171,0.429,0.463,0.237,1.3,16.3,3,25,0.366,7.3,14.4,16.8,2.1,0.3,18.1
1610612755,Kelly Oubre Jr.,1626162,PHI,SF,Wing,36,1174,2453,517,168,60,49,21,48,0.545,0.37,31,137,181,101,0.259,0.624,108,0.277,0.472,0.464,0.37,2.7,17.6,1.8,23.1,0.297,2.9,13.1,7.3,2,1.7,9.8
1610612760,Kenrich Williams,1629026,OKC,PF,Forward,39,625,1305,266,131,58,24,5,32,0.593,0.404,38,93,94,59,0.292,0.661,49,0.243,0.51,0.465,0.404,5,17.3,3.3,24.9,0.183,6.9,15.5,12.8,1.9,0.8,12.8
1610612763,Kentavious Caldwell-Pope,203484,MEM,SG,Combo,51,1088,2314,428,125,139,43,8,61,0.495,0.316,20,105,174,54,0.148,0.611,138,0.377,0.449,0.475,0.316,-2.6,17.6,3.6,27,0.219,2,10.3,17.5,1.9,0.7,13.2
1610612739,Keon Ellis,1631165,CLE,SG,Combo,51,924,1942,283,76,40,58,30,27,0.532,0.357,17,59,168,31,0.127,0.871,46,0.188,0.304,0.686,0.357,-1.5,13.2,0.6,16.7,0.139,2,7.2,5.7,3,3,9.4
1610612748,Keshad Johnson,1642352,MIA,SF,Forward,23,164,379,73,43,2,5,5,10,0.474,0.32,16,27,25,27,0.429,0.556,11,0.175,0.273,0.397,0.32,-4.1,19.8,0.5,22,0.27,9.9,16.8,1.6,1.4,2.7,12.4
1610612764,Keshon Gilbert,1642933,WAS,PG,Combo,3,48,100,6,5,3,2,4,6,0.5,0,2,3,2,2,0.5,0.5,0,0,0,0.5,0,-3.8,10.2,0.5,14.4,1,4.4,6.6,7.4,2,7.4,51
1610612745,Kevin Durant,201142,HOU,SF,Wing,53,1943,3973,1374,286,241,44,48,170,0.553,0.409,28,258,308,81,0.085,0.728,564,0.592,0.528,0.323,0.409,6.9,27.3,8.4,42.3,0.336,1.6,14.5,19.8,1.1,2.3,13.5
1610612765,Kevin Huerter,1628989,DET,SG,Wing,48,1085,2360,496,176,119,38,27,51,0.634,0.306,25,151,232,110,0.26,0.755,81,0.191,0.469,0.548,0.306,-0.5,19.3,3.4,27.3,0.132,2.5,14.8,15.7,1.7,2.2,10.2
1610612762,Kevin Love,201567,UTA,PF,Forward,31,530,1152,213,181,57,9,9,24,0.481,0.364,50,131,121,29,0.168,0.379,23,0.133,0.609,0.699,0.364,0.2,16.6,3,24.4,0.22,10.1,27.2,14.5,0.8,1.7,11.2
1610612752,Kevin McCullar Jr.,1641755,NYK,SF,Forward,16,122,257,34,24,19,6,0,11,0.438,0.353,9,15,17,12,0.364,0.583,4,0.121,0,0.515,0.353,-7.6,15.9,3.7,26.2,0.152,7.9,13.6,19.9,2.4,0,23.8
1610612749,Kevin Porter Jr.,1629645,MIL,PG,Combo,31,1043,2152,563,157,237,68,14,93,0.527,0.331,28,129,130,126,0.294,0.635,172,0.402,0.448,0.304,0.331,1.7,24.6,9.5,42.1,0.322,3.1,13.7,34,3.2,1.3,16
1610612740,Kevon Looney,1626172,NOP,C,Big,18,251,528,52,96,25,6,9,8,0.512,0.111,42,54,9,32,0.615,0.656,11,0.212,0.091,0.173,0.111,-9.1,10.6,0.8,16.2,0.154,17.7,23.6,12.8,1.1,3.4,12.6
1610612762,Keyonte George,1641718,UTA,PG,Point,48,1629,3510,1141,187,313,52,14,158,0.515,0.375,23,164,320,116,0.148,0.724,346,0.442,0.445,0.409,0.375,5.3,27.6,10.4,45.2,0.436,1.5,11.1,29.5,1.5,0.8,14.5
1610612756,Khaman Maluach,1642863,PHX,C,Big,26,137,284,47,41,3,2,10,13,0.571,0.2,15,26,10,21,0.553,0.667,7,0.184,0.286,0.263,0.2,-1,17.3,0.9,21.1,0.289,11.7,21.6,3.1,0.7,7,23.3
1610612742,Khris Middleton,203114,DAL,SF,Forward,39,942,2039,421,158,124,30,9,65,0.494,0.336,38,120,116,49,0.14,0.571,184,0.527,0.473,0.332,0.336,-1.5,20,4.3,29.8,0.249,4.3,13.5,18.8,1.5,0.9,14.4
1610612758,Killian Hayes,1630165,SAC,PG,Point,1,11,25,0,0,4,0,0,0,NA,NA,0,0,4,NA,NA,NA,NA,NA,NA,NA,NA,-55.9,15.5,NA,NA,0,0,0,42.8,0,0,0
1610612742,Klay Thompson,202691,DAL,SF,Wing,52,1153,2565,604,124,71,27,15,50,0.408,0.378,15,109,399,33,0.06,0.545,119,0.216,0.37,0.724,0.378,-2.7,22.5,2.5,27.9,0.067,1.4,9.8,8.9,1.1,1.1,8.1
1610612754,Kobe Brown,1641738,IND,PF,Forward,40,458,960,160,97,36,13,3,24,0.523,0.313,36,61,67,51,0.386,0.608,14,0.106,0.214,0.508,0.313,-1.8,16.3,1.9,22.1,0.273,8.8,14.9,11.1,1.4,0.6,14
1610612747,Kobe Bufkin,1641723,LAL,SG,Combo,7,75,160,21,7,3,2,3,4,0.364,0.231,1,6,13,2,0.083,1,9,0.375,0.222,0.542,0.231,-15.1,17.3,0.5,20.4,0.167,1.6,9.1,5.2,1.3,3.7,13.4
1610612746,Kobe Sanders,1642920,LAC,SG,Combo,47,998,2066,324,120,81,27,6,62,0.5,0.367,23,97,128,53,0.196,0.717,89,0.33,0.371,0.474,0.367,-0.5,15.8,2.1,21.6,0.189,2.8,11,11.6,1.4,0.6,17.5
1610612756,Koby Brea,1642886,PHX,SG,Combo,5,23,45,16,2,3,0,0,0,NA,NA,0,2,7,NA,NA,NA,NA,NA,NA,NA,NA,25.1,18.2,NA,NA,0.222,0,9.9,20.7,0,0,0
1610612766,Kon Knueppel,1642851,CHA,SF,Wing,58,1853,3864,1118,316,204,42,13,127,0.563,0.436,71,245,461,145,0.185,0.634,178,0.227,0.506,0.588,0.436,9.2,22.4,6.2,33.9,0.216,4.4,14.6,17.2,1.1,0.6,12.9
1610612746,Kris Dunn,1627739,LAC,PG,Point,57,1581,3208,448,174,201,84,8,81,0.576,0.372,43,131,156,79,0.228,0.747,112,0.323,0.455,0.45,0.372,3.5,12.9,2.9,21.1,0.199,3.3,9.4,17.8,2.7,0.5,17.7
1610612757,Kris Murray,1631200,POR,SF,Combo,37,934,2009,230,144,44,42,16,32,0.611,0.268,63,81,82,89,0.468,0.663,19,0.1,0.368,0.432,0.268,-1.1,10.5,0.3,13.9,0.237,7.2,9.5,6.2,2.1,1.5,13.2
1610612744,Kristaps Porziņģis,204001,GSW,C,Big,18,430,932,303,88,47,9,23,18,0.531,0.363,21,67,91,45,0.205,0.6,83,0.379,0.494,0.416,0.363,3.6,26.5,5.9,37.3,0.37,5.2,17,16.6,1,4.8,6.6
1610612763,Kyle Anderson,203937,MEM,SF,Forward,24,491,1054,179,80,64,29,14,24,0.557,0.667,22,58,6,39,0.305,0.641,83,0.648,0.518,0.047,0.667,4.5,14.5,2.6,22.8,0.359,4.8,12.9,17.9,2.8,2.7,13.9
1610612762,Kyle Filipowski,1642271,UTA,C,Big,57,1268,2746,567,377,120,53,25,88,0.566,0.338,100,277,142,145,0.339,0.69,141,0.329,0.44,0.332,0.338,2.1,18.8,3.2,26.6,0.325,8.5,24,13.4,2,1.9,15.2
1610612749,Kyle Kuzma,1628398,MIL,PF,Forward,53,1409,2929,681,260,132,33,21,85,0.55,0.325,50,210,166,204,0.381,0.681,165,0.308,0.388,0.31,0.325,0.5,21.6,3.6,29.5,0.292,4,16.5,13.8,1.1,1.5,12.3
1610612755,Kyle Lowry,200768,PHI,PG,Point,7,63,140,12,4,8,2,1,2,0,0.3,0,4,10,0,0,0,0,0,0,1,0.3,-4.9,9.2,1.1,14.9,0.4,0,7.1,15.8,1.5,1.5,14.5
1610612764,Kyshawn George,1642273,WAS,SF,Forward,46,1354,2916,680,241,211,47,41,124,0.49,0.371,43,198,251,110,0.197,0.691,196,0.352,0.378,0.451,0.371,-0.3,22.7,6.3,35.1,0.224,3.3,15.5,22.9,1.6,2.7,16.8
1610612744,LJ Cryer,1643018,GSW,PG,Point,3,8,17,6,1,0,0,0,0,NA,NA,0,1,4,NA,NA,NA,NA,NA,NA,NA,NA,4.1,26.4,NA,NA,0,0,13.8,0,0,0,0
1610612766,LaMelo Ball,1630163,CHA,PG,Point,49,1355,2847,949,236,359,53,11,141,0.446,0.366,40,196,470,133,0.16,0.594,228,0.274,0.36,0.566,0.366,-2.3,31.9,14.3,55.7,0.149,3.4,16,44.1,1.9,0.7,13.7
1610612741,Lachlan Olbrich,1642950,CHI,C,Big,18,124,258,24,38,12,2,1,4,0.5,0.286,12,26,7,10,0.476,0.4,4,0.19,0.75,0.333,0.286,-8.7,10,0.9,15.5,0.476,10.5,22.3,12.1,0.8,0.7,13.6
1610612752,Landry Shamet,1629013,NYK,SG,Combo,34,756,1581,334,63,51,16,7,18,0.538,0.418,16,47,177,40,0.165,0.675,25,0.103,0.32,0.731,0.418,6.4,16.1,2.3,22.2,0.244,2.3,6.9,9.2,1,0.9,6.3
1610612739,Larry Nance Jr.,1626204,CLE,PF,Forward,26,334,715,89,69,25,15,4,12,0.422,0.32,23,46,50,33,0.347,0.515,12,0.126,0.167,0.526,0.32,-10.1,13.6,1,18.6,0.053,7.5,15,9.4,2.1,1.1,11
1610612762,Lauri Markkanen,1628374,UTA,PF,Forward,42,1443,3137,1123,289,89,42,21,63,0.559,0.355,84,205,324,222,0.276,0.712,259,0.322,0.429,0.402,0.355,4.9,28.2,4.4,36.7,0.333,6.3,15.6,10.2,1.4,1.4,6.4
1610612763,Lawson Lovering,1643133,MEM,C,Big,2,49,114,14,15,3,3,1,2,0.6,0,6,9,0,7,0.7,0.857,3,0.3,0,0,0,1.5,12,0,0,0.5,13.1,19.6,8.2,2.9,1.9,14.1
1610612747,LeBron James,2544,LAL,SF,Wing,39,1299,2725,845,222,274,42,24,120,0.577,0.304,27,195,181,225,0.354,0.738,229,0.361,0.419,0.285,0.304,2.3,28.4,9.7,45.5,0.328,2.5,17.1,33.8,1.6,1.7,14.2
1610612741,Leonard Miller,1631159,CHI,SF,Forward,23,112,259,54,30,6,5,1,10,0.8,0.154,7,23,13,19,0.5,0.842,6,0.158,0.667,0.342,0.154,6.5,20,1.8,23.6,0.316,7,22.1,7.7,2.1,0.8,18.8
1610612766,Liam McNeeley,1642862,CHA,SF,Wing,28,342,705,115,60,23,5,3,12,0.4,0.379,11,49,58,11,0.125,0.636,19,0.216,0.263,0.659,0.379,0.7,14,1.6,19.7,0.352,3.7,15.9,9,0.7,0.8,10.6
1610612759,Lindy Waters III,1630322,SAS,SG,Combo,28,191,408,54,21,11,4,0,4,0.571,0.319,2,19,47,3,0.056,0.333,4,0.074,0.75,0.87,0.319,-6.3,12.9,0.7,16.8,0.019,1.1,10.4,7.3,1,0,6.8
1610612739,Lonzo Ball,1628366,CLE,PG,Combo,35,728,1595,160,140,136,45,9,52,0.448,0.272,26,114,147,18,0.102,0.556,11,0.062,0.273,0.835,0.272,-12.7,13.6,2.8,23.3,0.119,3.9,17,22.5,2.9,1.2,21.9
1610612760,Luguentz Dort,1629652,OKC,SF,Forward,48,1345,2817,427,181,62,42,22,39,0.5,0.348,41,140,267,49,0.128,0.653,67,0.175,0.388,0.697,0.348,-2.7,14.2,0.8,17.8,0.11,3.5,10.9,5.9,1.5,1.6,8.9
1610612747,Luka Dončić,1629029,LAL,PG,Combo,45,1600,3365,1464,349,389,64,22,185,0.569,0.352,34,315,463,114,0.115,0.807,417,0.42,0.504,0.466,0.352,4.8,37.8,16.5,61.8,0.485,2.6,22.5,42.1,1.9,1.3,13.3
1610612738,Luka Garza,1630568,BOS,C,Big,48,757,1526,355,192,46,19,21,26,0.651,0.442,109,83,77,97,0.435,0.701,49,0.22,0.551,0.345,0.442,12.7,16.3,2.7,22.8,0.363,15.9,11.9,8.5,1.3,2.8,9.1
1610612747,Luke Kennard,1628379,LAL,SG,Combo,53,1094,2345,431,117,109,37,5,38,0.646,0.491,22,95,165,40,0.144,0.625,73,0.263,0.658,0.594,0.491,16.4,12.9,3.1,20.1,0.165,2.2,9.5,13.3,1.6,0.4,11.3
1610612759,Luke Kornet,1628436,SAS,C,Big,47,1044,2247,339,311,91,23,56,19,0.657,0,142,169,0,176,0.85,0.705,31,0.15,0.387,0,0,13.9,10.5,0,0,0.408,14.9,17,11.5,1.1,4.7,7.3
1610612739,Luke Travers,1631247,CLE,SG,Combo,12,103,226,28,24,9,7,4,3,0.4,0.062,9,15,16,15,0.417,0.467,5,0.139,0.2,0.444,0.062,-20.9,17.4,0.9,22.7,0.25,9.5,15.8,10.7,3.2,3.6,7
1610612741,Mac McClung,1630644,CHI,SG,Combo,4,47,101,23,5,2,5,2,3,0.538,0.167,0,5,12,8,0.32,0.75,5,0.2,0.2,0.48,0.167,-12.9,26.7,1.8,32.2,0.16,0,11.7,6.3,5,3.7,10.1
1610612764,Malaki Branham,1631103,WAS,SG,Combo,28,275,592,128,44,23,10,3,15,0.537,0.378,12,32,37,35,0.385,0.6,19,0.209,0.421,0.407,0.378,4.5,18.4,3.1,25.5,0.374,4.6,12.4,11.9,1.7,1,12.4
1610612744,Malevy Leons,1642502,GSW,SF,Forward,5,21,47,6,9,1,1,1,2,NA,NA,2,7,2,NA,NA,NA,NA,NA,NA,NA,NA,-12.3,17.9,NA,NA,0.333,10.4,36.9,6.3,2.3,4.3,22.5
1610612758,Malik Monk,1628370,SAC,SG,Combo,46,1020,2173,576,88,120,31,18,69,0.459,0.421,12,76,228,63,0.134,0.698,179,0.381,0.374,0.485,0.421,1.3,23.9,5.7,34.6,0.164,1.3,8.6,18.2,1.5,1.6,12
1610612755,MarJon Beauchamp,1630699,PHI,SF,Combo,2,36,82,18,7,5,3,1,3,0.429,0.429,1,6,7,4,0.286,0.75,3,0.214,0,0.5,0.429,1.2,22,5.3,31.3,0.286,3,18.8,20.3,4,2.6,16
1610612765,Marcus Sasser,1631204,DET,PG,Point,18,170,370,95,15,34,11,2,13,0.56,0.422,1,14,45,11,0.157,0.636,14,0.2,0.5,0.643,0.422,7.6,21.3,8.9,37,0.157,0.7,9,28.5,3.1,1.2,14.8
1610612747,Marcus Smart,203935,LAL,SG,Combo,47,1325,2776,443,135,132,57,18,73,0.51,0.323,30,105,217,55,0.151,0.673,92,0.253,0.413,0.596,0.323,-1.8,15.8,2.4,22.7,0.283,2.7,9,13.1,2.1,1.3,15.1
1610612749,Mark Sears,1641813,MIL,PG,Point,7,26,56,22,2,2,0,0,4,NA,NA,1,1,8,NA,NA,NA,NA,NA,NA,NA,NA,10.7,34.8,NA,NA,0.615,4.4,4.3,12.2,0,0,19.5
1610612756,Mark Williams,1631109,PHX,C,Big,54,1286,2715,634,433,56,50,50,57,0.639,1,166,267,1,275,0.688,0.713,124,0.31,0.476,0.002,1,11.7,17.3,1.7,22.1,0.393,13.8,23.6,6.7,1.9,3.7,10.8
1610612742,Marvin Bagley III,1628963,DAL,PF,Big,44,869,1878,466,269,62,23,32,47,0.634,0.435,119,150,23,202,0.669,0.698,77,0.255,0.468,0.076,0.435,9.6,19.3,2.8,25.9,0.404,14.4,18.2,11,1.3,3.2,11.7
1610612759,Mason Plumlee,203486,SAS,C,Big,14,125,263,26,40,16,6,0,9,0.75,0,10,30,0,11,0.917,0.818,1,0.083,0,0,0,19.3,8.9,0,0,1,9.2,26.6,16.5,2.4,0,34.2
1610612741,Matas Buzelis,1641824,CHI,PF,Forward,59,1675,3608,900,319,120,39,87,116,0.578,0.367,60,259,338,265,0.389,0.63,79,0.116,0.405,0.496,0.367,3.7,21.9,3.3,29,0.245,3.9,16.5,10.5,1.1,4.5,13.3
1610612757,Matisse Thybulle,1629680,POR,SG,Combo,7,83,186,38,10,5,14,0,5,0.375,0.571,3,7,14,6,0.273,0.5,2,0.091,0,0.636,0.571,18.6,14.9,2.3,20.1,0.364,3.8,9.3,8.4,8,0,16.4
1610612742,Max Christie,1631108,DAL,SG,Combo,52,1544,3301,692,179,118,28,18,58,0.531,0.423,11,168,298,91,0.179,0.714,120,0.236,0.392,0.585,0.423,6.5,16.6,2.7,23.2,0.202,0.8,11.2,10.6,0.9,1,9.5
1610612738,Max Shulga,1642917,BOS,SG,Point,1,2,4,0,0,0,0,0,0,NA,NA,0,0,0,NA,NA,NA,NA,NA,NA,NA,NA,-55.9,21.6,NA,NA,0,0,0,0,0,0,0
1610612747,Maxi Kleber,1628467,LAL,PF,Big,31,347,731,66,59,21,11,6,13,0.531,0.286,24,35,21,18,0.34,0.611,14,0.264,0.429,0.396,0.286,-3.3,9.5,0.3,12.7,0.415,8.4,11.5,7.5,1.5,1.6,17.2
1610612758,Maxime Raynaud,1642875,SAC,C,Big,51,1220,2583,515,357,58,25,24,49,0.586,0.256,97,260,43,119,0.299,0.723,236,0.593,0.517,0.108,0.256,3.2,16.9,1.4,21.5,0.216,8.6,24.6,7.1,1,1.8,10.1
1610612740,Micah Peavy,1642877,NOP,SG,Wing,46,693,1458,200,92,47,31,6,14,0.477,0.239,38,54,88,85,0.386,0.576,47,0.214,0.298,0.4,0.239,-11.8,14.5,0.9,19.6,0.068,5.8,8.6,9.1,2.1,0.8,5.8
1610612754,Micah Potter,1630695,IND,C,Big,26,507,1130,223,115,43,12,9,25,0.632,0.383,25,90,94,35,0.232,0.714,22,0.146,0.5,0.623,0.383,8.7,16.4,2.6,22.2,0.325,5.1,19.7,12.3,1.1,1.5,12.7
1610612751,Michael Porter Jr.,1629008,BKN,SF,Wing,45,1479,3021,1105,315,146,45,11,105,0.576,0.37,58,257,419,185,0.224,0.789,223,0.27,0.399,0.507,0.37,4.5,30,6.9,42.3,0.239,4.3,21.2,19.1,1.5,0.7,10.3
1610612752,Mikal Bridges,1628969,NYK,SF,Forward,59,2014,4166,924,245,236,85,47,63,0.587,0.382,62,183,322,172,0.232,0.762,247,0.333,0.466,0.435,0.382,3.8,17.7,4.2,27.4,0.103,3.3,10.1,16.8,2.1,2.3,7.5
1610612750,Mike Conley,201144,MIN,PG,Point,45,828,1777,195,79,130,26,12,27,0.326,0.316,15,64,133,16,0.091,0.438,27,0.153,0.259,0.756,0.316,-6.2,11.3,2.3,19.7,0.261,2,8.3,19,1.5,1.3,12.1
1610612766,Miles Bridges,1628970,CHA,PF,Forward,54,1729,3565,979,329,186,29,27,80,0.545,0.332,53,276,349,224,0.288,0.638,205,0.263,0.444,0.449,0.332,0.8,23,4.9,33.8,0.248,3.5,17.7,16.7,0.8,1.4,8.5
1610612742,Miles Kelly,1642939,DAL,PG,Combo,13,103,231,34,19,8,3,0,4,0.714,0.308,4,15,26,2,0.061,1,5,0.152,0.6,0.788,0.308,-4.4,15.1,1.4,19.6,0,4.2,15,10.4,1.4,0,10.8
1610612752,Miles McBride,1630540,NYK,SG,Combo,35,981,2025,451,91,97,30,6,28,0.462,0.42,22,69,243,34,0.094,0.618,85,0.235,0.4,0.671,0.42,3.3,17.7,3.8,26.5,0.119,2.4,7.8,13.7,1.5,0.6,6.8
1610612752,Mitchell Robinson,1629011,NYK,C,Big,42,821,1687,219,372,39,33,48,26,0.694,0,191,181,0,132,0.985,0.689,2,0.015,1,0,0,8.6,10.1,0,0,0.604,25.2,24.5,6.2,2,5.8,13.3
1610612761,Mo Bamba,1628964,TOR,C,Big,2,6,14,0,2,0,0,1,0,NA,NA,1,1,0,NA,NA,NA,NA,NA,NA,NA,NA,-55.9,14.2,NA,NA,0,18.4,18.9,0,0,16.3,0
1610612752,Mohamed Diawara,1642885,NYK,SF,Forward,48,338,722,130,55,26,12,5,15,0.548,0.403,10,45,67,26,0.239,0.538,16,0.147,0.562,0.615,0.403,2.3,15.9,2.2,21.8,0.055,3.2,14.8,10.5,1.7,1.5,11.8
1610612754,Monte Morris,1628420,IND,PG,Combo,6,65,144,18,7,9,1,1,2,0.417,0.25,1,6,8,6,0.3,0.667,6,0.3,0.167,0.4,0.25,-14.5,15.4,2,22.6,0.2,1.6,10.3,19.1,0.7,1.3,8.4
1610612753,Moritz Wagner,1629021,ORL,C,Big,17,208,441,151,51,13,11,1,10,0.548,0.405,12,39,42,39,0.375,0.692,23,0.221,0.304,0.404,0.405,6.6,26.6,4.5,35.1,0.365,6.3,21.1,10.4,2.5,0.4,7.6
1610612744,Moses Moody,1630541,GSW,SG,Wing,56,1423,3052,669,189,88,51,32,51,0.53,0.402,48,141,343,77,0.152,0.753,87,0.172,0.333,0.677,0.402,4.5,17.9,2.3,23.6,0.209,3.7,11,8.9,1.7,2,8.4
1610612737,Mouhamed Gueye,1631243,ATL,PF,Big,57,913,1947,268,209,55,48,29,28,0.56,0.28,70,139,100,84,0.359,0.726,50,0.214,0.28,0.427,0.28,-4,13.1,0.9,17.4,0.235,8.1,16.6,7.7,2.5,2.9,9.8
1610612742,Moussa Cisse,1630619,DAL,C,Big,30,359,778,111,134,7,10,34,22,0.609,0,55,79,0,62,0.899,0.645,7,0.101,0.286,0,0,3.4,13.5,0,0,0.812,16.7,22.7,2.6,1.3,7.9,19
1610612766,Moussa Diabaté,1631217,CHA,C,Big,51,1288,2619,420,438,83,36,52,46,0.639,0.5,186,252,2,190,0.739,0.716,65,0.253,0.415,0.008,0.5,10.2,11.9,1.1,17.1,0.537,16.7,21.6,9,1.4,3.7,12.6
1610612749,Myles Turner,1626167,MIL,C,Big,52,1471,3067,652,294,82,36,87,60,0.524,0.381,62,232,289,97,0.194,0.649,113,0.226,0.416,0.579,0.381,2.5,18.6,2,23.6,0.271,4.8,17.5,7.8,1.2,5.8,9.7
1610612748,Myron Gardner,1642066,MIA,SF,Wing,29,270,606,117,84,30,14,5,7,0.561,0.404,28,56,47,30,0.341,0.633,11,0.125,0.364,0.534,0.404,4.8,15.5,3.2,23,0.216,10.5,21.2,14.8,2.4,1.7,6.8
1610612737,N'Faly Dante,1642368,ATL,C,Big,4,15,33,3,7,0,2,0,1,NA,NA,3,4,0,NA,NA,NA,NA,NA,NA,NA,NA,-22.1,15.1,NA,NA,0.25,21.2,29.1,0,6.3,0,18.4
1610612739,Nae'Qwan Tomlin,1641772,CLE,PF,Forward,47,776,1638,294,142,42,34,28,17,0.626,0.222,65,77,90,130,0.531,0.677,25,0.102,0.36,0.367,0.222,-1.1,15.3,1.2,20.2,0.216,9.1,10.8,7.2,2.1,3.4,6
1610612742,Naji Marshall,1630230,DAL,SF,Wing,56,1663,3613,851,273,170,60,5,79,0.616,0.298,49,224,161,166,0.281,0.687,264,0.447,0.572,0.272,0.298,5.5,19.5,3.5,27.4,0.391,3.2,13.9,14.9,1.7,0.3,10.2
1610612750,Naz Reid,1629675,MIN,C,Big,58,1521,3265,822,369,145,60,55,94,0.571,0.39,67,302,362,111,0.169,0.721,183,0.279,0.481,0.552,0.39,3.3,21.7,4.3,30.5,0.131,4.9,21.4,13.8,1.9,3.2,11.9
1610612738,Neemias Queta,1629674,BOS,C,Big,54,1350,2704,530,453,82,47,71,59,0.647,0,164,289,5,235,0.67,0.732,111,0.316,0.468,0.014,0,9.7,14.8,1.5,20.4,0.342,13.4,23.3,8.4,1.8,5.3,12.7
1610612751,Nic Claxton,1629651,BKN,C,Big,52,1527,3110,657,377,212,40,63,72,0.605,0.2,131,246,15,276,0.607,0.703,164,0.36,0.439,0.033,0.2,5,17.4,2.7,26.7,0.42,9.4,19.7,22.9,1.3,3.8,11.8
1610612741,Nick Richards,1630208,CHI,C,Big,35,396,829,147,136,9,7,22,41,0.5,0.333,53,83,6,64,0.582,0.562,40,0.364,0.4,0.055,0.333,-0.6,18.6,1.1,22.6,0.473,14.4,23.3,3.2,0.9,5.1,23.6
1610612747,Nick Smith Jr.,1641733,LAL,SG,Combo,25,318,676,146,20,28,9,2,19,0.453,0.391,2,18,69,7,0.053,0.714,57,0.429,0.421,0.519,0.391,-2.9,21.5,3.3,28.7,0.083,0.8,6.5,12.7,1.4,0.6,12.1
1610612737,Nickeil Alexander-Walker,1629638,ATL,SG,Combo,58,1925,4214,1151,207,218,70,33,121,0.495,0.373,34,173,472,229,0.254,0.59,199,0.221,0.387,0.524,0.373,1.7,24.3,5.2,34.2,0.249,1.9,9.8,16.4,1.7,1.5,10.8
1610612746,Nicolas Batum,201587,LAC,PF,Forward,54,1038,2130,230,142,46,39,20,34,0.444,0.39,20,122,182,2,0.01,0.5,7,0.037,0.429,0.953,0.39,2.8,9.8,0.1,12.5,0.058,2.3,13.3,5.9,1.9,1.8,14.8
1610612756,Nigel Hayes-Davis,1628502,PHX,SF,Forward,27,195,406,34,33,7,8,2,8,0.433,0.125,12,21,16,4,0.087,0.5,26,0.565,0.423,0.348,0.125,-20.3,12.1,-0,15,0.087,6.6,12.2,4.7,2,1,14.3
1610612743,Nikola Jokić,203999,DEN,C,Big,42,1439,3075,1208,526,442,60,32,157,0.645,0.421,131,395,195,208,0.287,0.75,321,0.443,0.576,0.269,0.421,13.4,31.2,20.4,58.8,0.463,10.9,29.6,51.9,2,2.1,15.3
1610612748,Nikola Jović,1631107,MIA,PF,Big,45,791,1778,339,152,100,26,17,65,0.483,0.27,25,127,162,76,0.248,0.605,67,0.219,0.343,0.533,0.27,-7.4,21.2,3.4,30,0.331,3.2,16.4,16.6,1.5,1.9,15.7
1610612760,Nikola Topić,1642260,OKC,PG,Point,4,37,75,16,6,6,0,0,10,0.625,0.4,1,5,5,3,0.231,1,5,0.385,0.4,0.385,0.4,5.6,26.9,9.2,43.2,0,3.1,14.1,23.1,0,0,43.5
1610612738,Nikola Vučević,202696,BOS,C,Big,54,1626,3479,877,477,190,37,36,78,0.564,0.374,114,363,235,171,0.238,0.649,313,0.435,0.518,0.327,0.374,2.2,21.6,4.9,31.5,0.114,7.6,23.8,17.9,1.1,2,9.4
1610612758,Nique Clifford,1642363,SAC,SG,Wing,55,1195,2500,367,175,96,43,17,70,0.451,0.319,45,130,144,63,0.181,0.667,141,0.405,0.355,0.414,0.319,-7,15.8,1.7,21.9,0.178,4.1,12.6,10.9,1.7,1.3,15.7
1610612741,Noa Essengue,1642855,CHI,PF,Big,2,6,15,0,0,0,1,0,0,NA,NA,0,0,2,NA,NA,NA,NA,NA,NA,NA,NA,-55.9,21.1,NA,NA,0,0,0,0,7.9,0,0
1610612751,Noah Clowney,1641730,BKN,PF,Forward,51,1445,2959,660,216,88,39,38,85,0.516,0.327,48,168,328,83,0.162,0.59,101,0.198,0.455,0.64,0.327,-0.3,20.5,2.5,26.9,0.368,3.7,14.2,9.5,1.3,2.4,12.5
1610612753,Noah Penda,1642869,ORL,SF,Wing,40,530,1122,184,142,45,21,14,32,0.467,0.385,56,86,65,53,0.342,0.509,37,0.239,0.405,0.419,0.385,-2.5,16.3,2.2,22.8,0.252,11.6,18.3,11.8,1.9,2.4,15.7
1610612751,Nolan Traore,1642849,BKN,PG,Point,35,770,1563,275,55,128,23,13,66,0.435,0.324,9,46,102,73,0.285,0.466,81,0.316,0.407,0.398,0.324,-6.8,19.6,5,31.9,0.215,1.3,7.3,25.5,1.5,1.5,19.1
1610612748,Norman Powell,1626181,MIA,SG,Combo,48,1460,3233,1100,174,124,59,11,99,0.544,0.392,18,156,352,198,0.257,0.636,221,0.287,0.462,0.457,0.392,5.7,27.4,5.4,37.5,0.361,1.2,11,13,1.9,0.7,10
1610612752,OG Anunoby,1628384,NYK,PF,Forward,45,1493,3127,721,239,102,77,34,88,0.57,0.349,62,177,255,210,0.383,0.671,83,0.151,0.313,0.465,0.349,2.8,20,2.8,26.9,0.276,4.5,13.2,9.6,2.5,2.3,12.5
1610612754,Obi Toppin,1630167,IND,PF,Forward,3,82,177,42,20,5,3,0,6,0.632,0.176,3,17,17,12,0.333,0.667,7,0.194,0.571,0.472,0.176,-3.3,23.7,2.3,29.8,0.25,3.8,23,9.4,1.7,0,13.1
1610612751,Ochai Agbaji,1630534,BKN,SG,Combo,47,736,1535,213,109,38,18,14,22,0.539,0.259,37,72,81,93,0.474,0.602,22,0.112,0.273,0.413,0.259,-5.1,13.5,0.7,17.5,0.158,5.5,11.2,7,1.2,1.8,9.5
1610612763,Olivier-Maxence Prosper,1641765,MEM,PF,Forward,32,479,1060,234,94,25,14,6,24,0.62,0.393,28,66,61,66,0.431,0.727,26,0.17,0.346,0.399,0.393,10.1,17.4,2,22.2,0.359,6.3,14.7,7.5,1.4,1.2,11.9
1610612737,Onyeka Okongwu,1630168,ATL,C,Big,54,1707,3734,865,419,175,59,53,101,0.561,0.381,103,316,289,184,0.277,0.685,192,0.289,0.443,0.435,0.381,3.3,20.3,4,28.6,0.219,6.4,20.2,14.5,1.6,2.8,12.2
1610612753,Orlando Robinson,1631115,ORL,C,Big,4,25,49,7,4,3,1,0,0,NA,NA,2,2,2,NA,NA,NA,NA,NA,NA,NA,NA,14.1,8.5,NA,NA,0,8.7,9,16.5,1.9,0,0
1610612762,Oscar Tshiebwe,1631131,UTA,C,Big,4,44,92,8,15,5,1,0,1,0.5,0,6,9,0,6,0.75,0.667,2,0.25,0,0,0,-8.5,8.8,0,0,0.125,14.7,22.5,14.6,1.1,0,10.6
1610612756,Oso Ighodaro,1642345,PHX,PF,Big,59,1190,2430,334,269,113,57,34,76,0.631,0,89,180,1,126,0.532,0.802,110,0.464,0.436,0.004,0,6.3,12.3,1.3,18.6,0.304,8,17.2,13.1,2.4,2.7,22
1610612749,Ousmane Dieng,1631172,MIL,C,Big,33,419,870,159,70,36,6,12,13,0.475,0.423,10,60,71,12,0.091,0.667,49,0.371,0.429,0.538,0.423,1.6,15.7,2.5,22.3,0.106,2.7,15.3,11.5,0.7,2.8,8.6
1610612742,P.J. Washington,1629023,DAL,PF,Forward,42,1300,2817,599,297,79,41,53,81,0.521,0.306,59,238,170,152,0.302,0.625,182,0.361,0.434,0.337,0.306,-3,20.9,2.2,26.6,0.28,4.9,18.9,8.7,1.5,3.4,12.5
1610612766,PJ Hall,1641790,CHA,C,Big,19,213,450,86,75,10,3,10,16,0.5,0.6,33,42,5,42,0.712,0.571,12,0.203,0.25,0.085,0.6,4,17.2,1.6,22.3,0.492,17.7,21.6,6.6,0.7,4.3,18.2
1610612752,Pacôme Dadiet,1642359,NYK,SG,Combo,20,68,146,13,14,9,3,0,0,0.4,0.125,2,12,8,2,0.154,1,3,0.231,0,0.615,0.125,-14.3,9.8,0.9,16,0.462,3.2,19.7,15.8,2.2,0,0
1610612753,Paolo Banchero,1631094,ORL,PF,Forward,47,1635,3421,1024,398,234,31,32,133,0.496,0.315,52,346,178,249,0.329,0.651,330,0.436,0.379,0.235,0.315,-0.1,27.2,6.8,40.7,0.482,3.5,23.8,22.4,0.9,1.7,12.7
1610612754,Pascal Siakam,1627783,IND,PF,Forward,52,1752,3748,1241,351,204,57,23,116,0.523,0.373,80,271,255,255,0.264,0.682,456,0.472,0.434,0.264,0.373,0.4,29.4,6.7,41.4,0.322,4.8,17.2,20.5,1.5,1.1,9.5
1610612766,Pat Connaughton,1626192,CHA,SG,Combo,25,199,407,75,41,15,5,1,6,0.609,0.371,10,31,35,15,0.259,0.667,8,0.138,0.5,0.603,0.371,3,14.8,2.1,21.4,0.224,5.8,17.2,10.6,1.2,0.5,8.6
1610612744,Pat Spencer,1630311,GSW,PG,Combo,42,677,1411,259,94,139,30,2,50,0.45,0.384,31,63,86,43,0.183,0.605,106,0.451,0.387,0.366,0.384,-4.1,18.7,6.7,33.4,0.145,5,10.3,29.1,2.1,0.3,16.7
1610612758,Patrick Baldwin Jr.,1631116,SAC,SF,Wing,3,15,31,10,2,0,0,0,1,NA,NA,0,2,3,NA,NA,NA,NA,NA,NA,NA,NA,46.6,18.7,NA,NA,0.5,0,16.1,0,0,0,17
1610612741,Patrick Williams,1630172,CHI,PF,Forward,55,1074,2345,386,161,77,35,16,52,0.399,0.383,41,120,196,79,0.223,0.494,79,0.223,0.304,0.554,0.383,-4.6,16.8,1.7,21.9,0.141,4.1,11.9,9.6,1.5,1.3,12.1
1610612755,Paul George,202331,PHI,PF,Forward,27,824,1708,431,139,100,40,13,44,0.464,0.382,14,125,173,50,0.141,0.56,131,0.37,0.427,0.489,0.382,-0.3,22.1,5.3,33.5,0.215,1.8,17.1,18.1,2.4,1.5,10.2
1610612765,Paul Reed,1630194,DET,C,Big,41,554,1182,283,182,50,38,31,39,0.643,0.357,78,104,28,102,0.513,0.745,69,0.347,0.493,0.141,0.357,7.9,19.4,3.5,27.8,0.261,15.8,20.5,13.3,3.3,5.6,14.9
1610612738,Payton Pritchard,1630202,BOS,PG,Point,56,1837,3696,977,237,302,43,5,74,0.571,0.364,50,187,407,89,0.113,0.674,293,0.371,0.539,0.516,0.364,2.4,21.5,7.2,35.9,0.142,3,11.1,24,1.2,0.3,8.1
1610612748,Pelle Larsson,1641796,MIA,SG,Wing,48,1180,2620,493,163,159,33,11,57,0.608,0.316,40,123,133,133,0.375,0.737,89,0.251,0.416,0.375,0.316,4.2,16,3.6,24.9,0.355,3.4,10.7,17.8,1.3,0.8,12.2
1610612749,Pete Nance,1631250,MIL,PF,Forward,25,274,564,125,52,16,7,5,11,0.694,0.51,12,40,49,25,0.294,0.8,11,0.129,0.455,0.576,0.51,17.6,15.5,2.5,21,0,5,16.2,8.6,1.3,1.8,11.5
1610612743,Peyton Watson,1631212,DEN,SF,Forward,49,1502,3101,731,240,96,50,58,86,0.537,0.417,45,195,180,171,0.321,0.661,181,0.34,0.42,0.338,0.417,4.1,20.2,2.9,26.9,0.331,3.6,14,9,1.6,3.6,12.4
1610612758,Precious Achiuwa,1630173,SAC,C,Forward,51,1060,2223,393,286,60,46,29,37,0.56,0.304,99,187,56,154,0.475,0.656,114,0.352,0.43,0.173,0.304,-1.1,15.9,1.4,20.8,0.244,10.2,20.4,8.2,2.1,2.5,9.3
1610612755,Quentin Grimes,1629656,PHI,SG,Wing,52,1543,3265,668,188,187,48,21,95,0.571,0.349,31,157,278,155,0.316,0.69,57,0.116,0.246,0.567,0.349,3.7,18,4,27.3,0.327,2.2,11.4,17.1,1.5,1.3,14.5
1610612754,Quenton Jackson,1631245,IND,PG,Point,29,488,1090,263,61,62,18,5,35,0.543,0.417,18,43,72,58,0.328,0.724,47,0.266,0.319,0.407,0.417,6.9,21.1,5.3,30.5,0.418,3.9,9.8,19.4,1.8,0.9,14.3
1610612744,Quinten Post,1642366,GSW,PF,Big,57,980,2097,428,225,80,23,27,43,0.609,0.342,57,168,240,60,0.163,0.683,68,0.185,0.544,0.652,0.342,0.1,18.3,2.6,25,0.087,6.3,19,11.8,1.1,2.5,10.1
1610612761,RJ Barrett,1629628,TOR,SF,Combo,34,1000,2117,616,182,121,29,10,57,0.545,0.347,30,152,170,158,0.338,0.658,139,0.298,0.417,0.364,0.347,1.3,25.4,5.8,36.6,0.349,3.3,17.2,18.6,1.4,1,9.6
1610612756,Rasheer Fleming,1642853,PHX,PF,Forward,33,263,541,86,46,7,8,7,12,0.474,0.25,23,23,55,26,0.277,0.615,12,0.128,0.167,0.596,0.25,-12,17.7,0.6,21.7,0.118,9.3,9.9,3.7,1.5,2.6,10.9
1610612737,RayJ Dennis,1642484,ATL,PG,Point,15,177,388,64,23,30,4,4,15,0.294,0.308,8,15,39,10,0.137,0.4,24,0.329,0.25,0.534,0.308,-14.3,21.9,4.3,32.6,0.123,4.7,9.4,23.4,1.1,1.9,16.3
1610612763,Rayan Rupert,1641712,MEM,SG,Combo,49,604,1285,147,95,35,32,2,29,0.434,0.301,26,69,73,40,0.256,0.55,43,0.276,0.326,0.468,0.301,-10.6,12.8,0.6,17.3,0.09,4.6,12.5,7.7,2.5,0.3,15.2
1610612745,Reed Sheppard,1642263,HOU,SG,Combo,56,1379,2851,709,146,169,78,32,76,0.481,0.39,19,127,349,66,0.108,0.561,196,0.321,0.454,0.571,0.39,-0.4,21.7,5.4,33.3,0.101,1.5,10.1,17.9,2.8,2.1,10.6
1610612739,Riley Minix,1642434,CLE,SF,Forward,3,8,21,9,2,1,1,0,0,NA,NA,1,1,3,NA,NA,NA,NA,NA,NA,NA,NA,19.1,31.5,NA,NA,0,13.7,13.1,32.1,6,0,0
1610612741,Rob Dillingham,1642265,CHI,PG,Combo,42,466,1014,174,63,82,28,3,51,0.358,0.318,10,53,44,55,0.286,0.455,93,0.484,0.301,0.229,0.318,-13.9,23.3,5,35.1,0.177,2.4,12.2,23.7,2.9,0.6,19.8
1610612757,Robert Williams III,1629057,POR,C,Big,40,647,1390,251,254,44,24,58,30,0.789,0.412,80,174,17,109,0.727,0.835,24,0.16,0.583,0.113,0.412,21,12.1,1.7,17.5,0.2,13.1,29.6,10.1,1.8,8,15.5
1610612750,Rocco Zikarsky,1642911,MIN,C,Big,1,4,9,0,1,0,0,0,0,NA,NA,0,1,0,NA,NA,NA,NA,NA,NA,NA,NA,NA,0,NA,NA,NA,0,27,0,0,0,NA
1610612738,Ron Harper Jr.,1631199,BOS,SF,Wing,13,149,298,43,28,10,2,6,1,0.545,0.286,14,14,35,5,0.109,0.6,6,0.13,0.5,0.761,0.286,-10,13.9,1,19.3,0.043,10.4,10.2,8.6,0.7,4.1,2.1
1610612765,Ronald Holland II,1641842,DET,SF,Forward,52,1071,2279,429,230,73,70,19,70,0.534,0.229,55,175,140,132,0.355,0.659,100,0.269,0.37,0.376,0.229,-4.7,18.8,1.9,25.2,0.285,5.7,17.8,9.1,3.1,1.8,14.3
1610612756,Royce O'Neale,1626220,PHX,SF,Wing,59,1732,3644,592,289,166,68,20,88,0.479,0.401,47,242,402,43,0.087,0.605,51,0.103,0.373,0.81,0.401,2.3,14.6,2.5,21.6,0.056,2.9,15.9,13.1,1.9,1.1,14.8
1610612750,Rudy Gobert,203497,MIN,C,Big,56,1757,3723,625,638,95,42,92,76,0.713,0,219,419,3,304,0.847,0.76,52,0.145,0.442,0.008,0,11.9,12.8,1.1,17.1,0.643,13.9,25.7,7.2,1.1,4.6,14.2
1610612747,Rui Hachimura,1629060,LAL,PF,Forward,47,1387,2930,552,159,42,27,14,34,0.559,0.44,28,131,191,83,0.194,0.639,153,0.358,0.516,0.447,0.44,5.6,15.1,0.7,18.1,0.115,2.4,10.8,4.3,0.9,0.9,7
1610612758,Russell Westbrook,201566,SAC,SF,Wing,55,1592,3389,833,301,352,71,9,189,0.5,0.343,72,229,327,146,0.204,0.651,244,0.34,0.41,0.456,0.343,-2.8,26,9.1,43,0.212,4.9,16.6,33.6,2.2,0.5,19.4
1610612756,Ryan Dunn,1642346,PHX,SF,Forward,52,1034,2106,306,219,79,43,23,46,0.523,0.321,77,142,131,108,0.38,0.62,45,0.158,0.289,0.461,0.321,-4.9,14.2,1.5,20.3,0.127,7.9,15.6,10.5,2,2.1,13.3
1610612766,Ryan Kalkbrenner,1641750,CHA,C,Big,47,1084,2294,384,284,36,27,71,47,0.764,0,123,161,2,179,0.836,0.793,33,0.154,0.606,0.009,0,20.2,11.6,0.9,14.9,0.407,13.1,16.4,4.8,1.2,5.9,15.7
1610612742,Ryan Nembhard,1642948,DAL,PG,Point,38,713,1505,253,68,186,10,1,55,0.456,0.379,8,60,87,23,0.094,0.696,135,0.551,0.415,0.355,0.379,-5.4,18,7.7,35.1,0.053,1.2,8.7,35.9,0.7,0.1,18
1610612749,Ryan Rollins,1631157,MIL,PG,Point,54,1737,3590,929,250,290,82,24,133,0.501,0.42,43,207,319,198,0.261,0.626,243,0.32,0.399,0.42,0.42,1.5,23.9,8,38,0.146,2.8,13.2,25.4,2.3,1.4,14.1
1610612740,Saddiq Bey,1630180,NOP,SF,Forward,52,1588,3386,871,303,127,48,3,44,0.524,0.348,83,220,287,219,0.329,0.616,159,0.239,0.396,0.432,0.348,1.8,21,3.4,28.8,0.308,5.5,15.2,11.7,1.4,0.2,5.5
1610612738,Sam Hauser,1630573,BOS,PF,Forward,54,1312,2679,502,204,82,31,17,27,0.508,0.397,37,167,358,18,0.043,0.778,45,0.107,0.4,0.85,0.397,2.9,14.9,1.8,20.5,0.031,3.1,13.8,8.3,1.2,1.3,6
1610612739,Sam Merrill,1630241,CLE,SG,Wing,35,882,1900,454,80,76,19,5,30,0.552,0.466,23,57,253,25,0.08,0.84,33,0.106,0.333,0.814,0.466,13.1,16.9,3.7,24.5,0.132,2.8,7,11.8,1,0.5,8.4
1610612761,Sandro Mamukelashvili,1630572,TOR,C,Big,56,1254,2645,629,277,108,42,33,47,0.639,0.381,83,194,210,163,0.361,0.724,78,0.173,0.462,0.466,0.381,7.3,18.5,3.5,26.1,0.235,7.3,17.5,12.6,1.6,2.6,8.6
1610612763,Santi Aldama,1630583,MEM,PF,Forward,43,1198,2589,602,287,126,37,31,55,0.572,0.35,67,220,200,121,0.254,0.711,155,0.326,0.465,0.42,0.35,1.3,20.1,3.9,28.9,0.239,6,19.6,15.6,1.5,2.4,9.5
1610612757,Scoot Henderson,1630703,POR,PG,Point,7,159,359,97,23,36,3,1,24,0.5,0.316,5,18,38,14,0.194,0.643,20,0.278,0.4,0.528,0.316,0.7,27.9,9.4,44.8,0.431,3.3,12.4,33.9,0.9,0.6,21.9
1610612761,Scottie Barnes,1630567,TOR,PF,Big,56,1922,4064,1072,466,315,75,91,152,0.551,0.293,118,348,167,299,0.357,0.696,371,0.443,0.434,0.2,0.293,1.3,24.2,6.4,37.1,0.271,6.8,20.5,25,1.9,4.6,14
1610612763,Scotty Pippen Jr.,1630590,MEM,PG,Point,5,103,229,56,8,27,13,3,15,0.448,0.333,3,5,18,13,0.277,0.462,16,0.34,0.438,0.383,0.333,-3.2,27.4,10.3,46,0.298,3.1,5.2,38.5,6,2.7,22
1610612744,Seth Curry,203552,GSW,SG,Combo,2,32,72,14,4,3,2,0,0,NA,NA,1,3,4,NA,NA,NA,NA,NA,NA,NA,NA,21.9,11.9,NA,NA,0,3.4,10.4,14.1,3,0,0
1610612757,Shaedon Sharpe,1631101,POR,SG,Combo,48,1439,3111,1025,212,126,68,6,144,0.518,0.34,48,164,297,256,0.302,0.699,294,0.347,0.361,0.351,0.34,-0.9,30.3,5.4,41.5,0.229,3.5,12.5,15.1,2.2,0.4,13.4
1610612760,Shai Gilgeous-Alexander,1628983,OKC,PG,Point,49,1632,3491,1558,218,314,64,38,103,0.603,0.39,27,191,223,247,0.256,0.709,494,0.512,0.551,0.231,0.39,11.1,33.5,13.9,52.9,0.469,1.9,12.2,34.2,1.9,2.3,8.1
1610612764,Sharife Cooper,1630536,WAS,PG,Point,16,261,553,112,38,39,6,2,28,0.593,0.37,7,31,27,30,0.349,0.767,29,0.337,0.414,0.314,0.37,4,19.4,5.5,31.2,0.198,2.8,12.6,21.7,1.1,0.7,23
1610612757,Sidy Cissoko,1631321,POR,SF,Wing,53,1162,2485,329,132,81,44,18,56,0.538,0.323,51,81,167,65,0.238,0.692,41,0.15,0.293,0.612,0.323,-2.2,12.6,1.1,17.8,0.278,4.7,7.7,9.2,1.8,1.4,15.5
1610612748,Simone Fontecchio,1631323,MIA,SF,Forward,55,937,2053,465,176,83,29,9,42,0.47,0.36,45,131,268,73,0.191,0.562,42,0.11,0.31,0.699,0.36,-0.5,19.9,3.2,27.8,0.217,4.9,14.3,11.9,1.4,0.9,9.1
1610612766,Sion James,1642883,CHA,SG,Combo,59,1405,2896,322,206,119,34,18,53,0.396,0.361,36,170,158,77,0.292,0.468,29,0.11,0.207,0.598,0.361,-2.1,10.6,1.1,16,0.303,3,13.4,10.9,1.2,1.2,15
1610612764,Skal Labissiere,1627746,WAS,PF,Big,3,38,77,13,9,3,2,1,1,1,0.2,3,6,5,2,0.2,1,3,0.3,1,0.5,0.2,9.1,12.1,1.6,18.4,0,8.3,16.8,11.2,2.5,2.3,9.1
1610612743,Spencer Jones,1642461,DEN,SF,Forward,49,1145,2348,288,157,42,43,22,27,0.64,0.413,55,102,121,62,0.3,0.661,24,0.116,0.583,0.585,0.413,7.6,9.7,0.1,12.2,0.217,5.7,9.6,4.6,1.8,1.8,10.6
1610612759,Stanley Umude,1630649,SAS,SG,Combo,2,7,14,2,0,1,1,0,0,NA,NA,0,0,1,NA,NA,NA,NA,NA,NA,NA,NA,-5.9,12,NA,NA,0,0,0,19.1,6.8,0,0
1610612744,Stephen Curry,201939,GSW,PG,Point,39,1222,2648,1061,138,189,44,16,111,0.584,0.391,16,122,448,115,0.155,0.696,181,0.243,0.514,0.602,0.391,7.7,32.7,10.7,48.7,0.274,1.4,11,27.2,1.7,1.2,11.7
1610612759,Stephon Castle,1642264,SAS,PG,Combo,47,1403,2997,782,236,325,62,17,158,0.542,0.295,58,178,166,214,0.374,0.636,192,0.336,0.438,0.29,0.295,0.7,25.4,9,42.9,0.468,4.5,13.3,33.2,2.1,1.1,18.6
1610612745,Steven Adams,203500,HOU,C,Big,32,730,1495,187,276,48,22,20,35,0.504,0,145,131,0,105,0.755,0.562,34,0.245,0.324,0,0,-2.4,12,0,0,0.583,22.1,19.7,8.4,1.5,2.5,16.7
1610612762,Svi Mykhailiuk,1629004,UTA,SF,Combo,46,1082,2335,409,113,86,23,3,38,0.628,0.393,30,83,206,61,0.191,0.705,52,0.163,0.538,0.646,0.393,6,14,2,20,0.082,3,8.4,10.9,1,0.3,10.3
1610612754,T.J. McConnell,204456,IND,PG,Point,42,710,1550,399,92,197,47,8,53,0.564,0.325,17,75,40,58,0.168,0.724,247,0.716,0.526,0.116,0.325,0.6,24.1,9.4,42.4,0.052,2.5,11.7,48.4,3.1,1,13.1
1610612754,Taelon Peter,1643007,IND,SG,Combo,26,258,567,86,35,28,14,2,15,0.667,0.319,6,29,72,6,0.074,0.833,3,0.037,0.333,0.889,0.319,-5.5,16.4,2.3,23.1,0.123,2.4,12.5,15,2.6,0.7,14.9
1610612745,Tari Eason,1631106,HOU,PF,Forward,34,887,1831,405,215,53,44,18,54,0.453,0.436,67,148,165,100,0.289,0.63,81,0.234,0.235,0.477,0.436,0,19.7,2.6,26.8,0.107,8.4,18.3,8.5,2.5,1.9,13
1610612749,Taurean Prince,1627752,MIL,SF,Wing,8,169,369,49,13,8,6,2,5,0.5,0.429,0,13,28,5,0.132,0.6,5,0.132,0.4,0.737,0.429,6.4,11.6,0.4,13.9,0.079,0,8.5,6.2,1.7,1.2,11.3
1610612763,Taylor Hendricks,1641707,MEM,PF,Big,40,653,1416,224,131,32,21,10,28,0.539,0.34,38,93,97,58,0.312,0.655,31,0.167,0.323,0.522,0.34,-1.6,14.8,1,18.9,0.247,6.3,15.6,6.6,1.5,1.5,12
1610612751,Terance Mann,1629611,BKN,SG,Combo,50,1245,2540,382,159,162,36,12,58,0.528,0.368,56,103,126,93,0.307,0.656,85,0.281,0.388,0.413,0.368,1.1,13.8,3.2,22.5,0.23,5,10.1,19.5,1.4,0.9,14.8
1610612750,Terrence Shannon Jr.,1630545,MIN,SG,Wing,24,306,661,108,28,14,8,1,15,0.396,0.395,6,22,38,32,0.372,0.562,16,0.186,0.062,0.442,0.395,-1.7,15.7,1,19.6,0.36,2.2,7.8,5.9,1.2,0.3,13.1
1610612749,Thanasis Antetokounmpo,203648,MIL,SF,Forward,21,64,137,27,15,3,6,3,3,0.6,0,8,7,1,12,0.75,0.583,3,0.188,0.667,0.062,0,5,17.4,1.3,21,0.875,14.3,12.1,6.5,4.6,4.6,11.9
1610612739,Thomas Bryant,1628418,CLE,C,Big,41,427,923,211,117,26,10,17,17,0.667,0.351,34,83,77,50,0.336,0.72,22,0.148,0.545,0.517,0.351,7.4,17.9,2.3,23.7,0.268,8.7,21.1,8.4,1.1,3.7,9.3
1610612766,Tidjane Salaün,1642275,CHA,PF,Forward,35,570,1164,222,149,27,16,7,25,0.587,0.439,26,123,82,54,0.344,0.685,21,0.134,0.333,0.522,0.439,8,14.7,1.5,19.9,0.242,5.3,23.9,6.7,1.4,1.1,12.6
1610612743,Tim Hardaway Jr.,203501,DEN,SG,Combo,57,1551,3255,792,147,74,31,8,29,0.564,0.405,10,137,396,51,0.09,0.608,121,0.213,0.545,0.697,0.405,7,18.5,2.1,23.4,0.245,0.8,9.5,6.6,1,0.5,4.4
1610612765,Tobias Harris,202699,DET,PF,Forward,40,1125,2381,530,205,94,36,10,45,0.506,0.348,38,167,158,88,0.205,0.534,183,0.427,0.492,0.368,0.348,-0.1,19,3,27,0.245,3.8,16.2,11.5,1.5,0.9,8.7
1610612765,Tolu Smith,1642449,DET,PF,Big,7,88,178,33,33,6,2,5,5,0.476,0,13,20,0,15,0.714,0.6,6,0.286,0.167,0,0,1.2,15.9,0,0,0.857,16.5,24.8,8.7,1.1,5.7,14.7
1610612754,Tony Bradley,1628396,IND,C,Big,38,416,882,151,107,20,6,7,17,0.558,0.5,56,51,2,62,0.585,0.645,42,0.396,0.429,0.019,0.5,4.5,14.4,1.1,18.6,0.406,14.1,13.6,6.9,0.7,1.4,12
1610612766,Tosan Evbuomwan,1641787,CHA,SF,Wing,5,8,18,0,2,0,0,0,0,NA,NA,1,1,0,NA,NA,NA,NA,NA,NA,NA,NA,-55.9,5.3,NA,NA,0,13.6,13.9,0,0,0,0
1610612757,Toumani Camara,1641739,POR,PF,Forward,59,1972,4203,767,315,152,59,26,117,0.585,0.365,102,213,414,130,0.208,0.692,82,0.131,0.415,0.661,0.365,1.4,16.1,2.3,23.1,0.157,5.5,11.9,10.9,1.4,1.2,14.9
1610612764,Trae Young,1629027,WAS,PG,Point,10,280,639,193,15,89,10,1,26,0.5,0.305,0,15,59,25,0.185,0.6,51,0.378,0.451,0.437,0.305,1.8,28.8,12.5,49.6,0.541,0,5.8,45.9,1.7,0.3,13.5
1610612761,Trayce Jackson-Davis,1631218,TOR,C,Big,39,439,946,162,126,34,15,21,20,0.579,1,56,70,1,90,0.833,0.633,17,0.157,0.294,0.009,1,4,14.9,1.4,20.1,0.574,13.9,17.7,10.9,1.6,4.4,12.3
1610612764,Tre Johnson,1642848,WAS,SG,Combo,44,1079,2349,558,118,94,27,14,61,0.502,0.37,23,95,235,47,0.1,0.574,186,0.397,0.484,0.502,0.37,0,21.6,3.5,29.3,0.15,2.2,9.3,13,1.2,1.2,10.9
1610612741,Tre Jones,1630200,CHI,PG,Point,42,1111,2440,500,119,238,54,8,54,0.595,0.319,25,94,69,178,0.535,0.68,86,0.258,0.419,0.207,0.319,7.2,17.1,5.8,29.9,0.429,2.4,9,30,2.3,0.6,12
1610612766,Tre Mann,1630544,CHA,PG,Point,38,603,1227,264,86,79,21,5,48,0.402,0.329,20,66,140,43,0.158,0.535,89,0.327,0.337,0.515,0.329,-9.1,23.1,4.8,35.2,0.085,3.8,12.1,19.2,1.7,0.8,14.5
1610612755,Trendon Watford,1630570,PHI,PF,Forward,35,564,1214,215,115,89,9,12,37,0.555,0.323,26,89,31,70,0.417,0.629,67,0.399,0.478,0.185,0.323,1.3,16.9,4,26.9,0.268,5,18,22.6,0.8,2,16.5
1610612741,Trentyn Flowers,1642280,CHI,SF,Wing,2,6,11,4,1,1,0,0,1,NA,NA,1,0,1,NA,NA,NA,NA,NA,NA,NA,NA,10.8,28.1,NA,NA,0,18.1,0,30.8,0,0,25
1610612748,Trevor Keels,1631211,MIA,SG,Wing,1,2,7,0,1,0,0,0,0,NA,NA,0,1,2,NA,NA,NA,NA,NA,NA,NA,NA,-55.9,40.4,NA,NA,0,0,51.2,0,0,0,0
1610612740,Trey Alexander,1641725,NOP,SG,Combo,5,42,85,14,4,5,1,1,1,0.667,0.667,0,4,3,2,0.222,0.5,4,0.444,0.75,0.333,0.667,21.9,9.9,4,19,0,0,10.5,16.4,1.1,2.3,10
1610612752,Trey Jemison III,1641998,NYK,C,Big,10,57,123,9,15,2,1,2,5,0.571,0,7,8,0,3,0.429,1,4,0.571,0.25,0,0,4.6,9.3,0,0,0.143,13.3,15.6,4.3,0.9,3.5,40.2
1610612740,Trey Murphy III,1630530,NOP,SF,Wing,52,1853,3948,1149,297,199,78,16,95,0.586,0.378,55,242,445,229,0.27,0.747,174,0.205,0.374,0.525,0.378,5.7,23.2,5.4,33.7,0.229,3.1,14.4,16.5,2,0.8,9.2
1610612739,Tristan Enaruna,1642400,CLE,SF,Forward,4,23,45,8,7,2,0,0,1,NA,NA,5,2,2,NA,NA,NA,NA,NA,NA,NA,NA,-13.5,18.9,NA,NA,0.111,23.7,9.5,11.9,0,0,9.6
1610612764,Tristan Vukcevic,1641774,WAS,C,Big,36,453,1005,280,100,40,16,26,42,0.603,0.277,22,78,83,53,0.254,0.774,73,0.349,0.479,0.397,0.277,1.8,26.2,4.1,34.2,0.364,5.1,18.3,13.7,1.7,5.1,14.8
1610612753,Tristan da Silva,1641783,ORL,SF,Wing,52,1189,2505,454,177,66,44,16,41,0.489,0.377,37,140,212,76,0.193,0.605,106,0.269,0.406,0.538,0.377,-0.9,16.2,1.5,21.1,0.107,3.4,13.3,7.9,1.8,1.2,9
1610612763,Ty Jerome,1629660,MEM,SG,Combo,7,144,298,135,19,40,9,2,12,0.614,0.395,6,13,43,12,0.138,0.583,32,0.368,0.625,0.494,0.395,10,32.9,20.4,63,0.402,4.5,9.7,49.5,3,1.3,10.5
1610612746,TyTy Washington Jr.,1631102,LAC,PG,Point,5,40,75,17,2,9,4,2,1,0.667,0.5,1,1,6,2,0.167,1,4,0.333,0.5,0.5,0.5,14.9,14.5,10.6,33.9,0,3,2.8,34.9,5,4.7,7.7
1610612748,Tyler Herro,1629639,MIA,SG,Combo,14,421,932,293,63,45,12,6,24,0.552,0.357,7,56,84,36,0.159,0.639,107,0.471,0.523,0.37,0.357,3,26.1,5.6,36.9,0.216,1.7,13.6,16.5,1.3,1.3,8.8
1610612752,Tyler Kolek,1642278,NYK,PG,Combo,49,639,1349,238,89,143,19,3,51,0.48,0.36,14,75,100,45,0.202,0.644,78,0.35,0.385,0.448,0.36,-4.4,18.7,6.8,33.7,0.081,2.4,13.1,30.5,1.5,0.5,18.1
1610612755,Tyrese Martin,1631213,PHI,SG,Combo,39,702,1425,272,106,70,22,4,33,0.481,0.333,32,74,153,50,0.195,0.72,54,0.21,0.259,0.595,0.333,-5.2,18.7,3.1,27,0.101,5,12.9,15.6,1.6,0.5,10.9
1610612755,Tyrese Maxey,1630178,PHI,PG,Point,56,2152,4494,1629,232,377,112,43,140,0.531,0.375,17,215,496,345,0.284,0.643,372,0.307,0.427,0.409,0.375,3.7,29.6,10.5,47.3,0.286,0.9,11.2,29.8,2.5,1.9,9.3
1610612739,Tyrese Proctor,1642878,CLE,PG,Combo,41,417,869,197,43,54,16,0,27,0.478,0.34,6,37,106,29,0.166,0.655,40,0.229,0.35,0.606,0.34,-3.2,21.3,4.8,32.7,0.154,1.6,9.7,17.6,1.8,0,12.6
1610612751,Tyson Etienne,1630623,BKN,PG,Point,8,34,72,12,0,1,0,0,1,0,0.308,0,0,13,0,0,0,2,0.133,0,0.867,0.308,-15.9,20.5,0.6,23.7,0,0,0,4.4,0,0,6.3
1610612742,Tyus Jones,1626145,DAL,PG,Point,54,853,1803,168,60,138,36,3,19,0.465,0.283,10,50,113,18,0.098,0.444,53,0.288,0.472,0.614,0.283,-10.7,10.2,1.9,18.4,0.033,1.3,6.5,20.9,2,0.3,9.3
1610612755,VJ Edgecombe,1642845,PHI,SG,Combo,54,1904,3958,825,298,214,79,26,100,0.477,0.364,83,215,308,201,0.282,0.572,204,0.286,0.382,0.432,0.364,-2.3,19.3,3.9,28.8,0.18,4.7,12.7,16.3,2,1.3,11.5
1610612759,Victor Wembanyama,1641705,SAS,C,Big,43,1251,2661,1042,486,124,41,121,110,0.573,0.358,88,398,215,240,0.34,0.733,250,0.355,0.42,0.305,0.358,6.1,31.9,7.2,44.4,0.435,7.7,33.3,16.4,1.6,8.5,11.6
1610612762,Vince Williams Jr.,1631246,UTA,PG,Point,40,819,1747,300,155,166,29,16,70,0.417,0.311,39,116,177,39,0.134,0.41,76,0.26,0.421,0.606,0.311,-8.1,19.4,5.5,33.1,0.171,5.1,15.2,27.3,1.7,1.8,18.2
1610612748,Vladislav Goldin,1642884,MIA,C,Big,2,8,19,4,1,2,0,1,0,NA,NA,0,1,0,NA,NA,NA,NA,NA,NA,NA,NA,44.1,10.1,NA,NA,0,0,12.8,38.2,0,11.2,0
1610612757,Vít Krejčí,1630249,POR,PG,Combo,55,1208,2599,492,115,83,43,18,34,0.636,0.404,23,92,287,38,0.101,0.737,50,0.133,0.56,0.765,0.404,6.8,14.6,1.9,20.2,0.112,2,8.3,9.3,1.7,1.3,8
1610612762,Walker Kessler,1631117,UTA,C,Big,5,154,314,72,54,15,7,9,16,0.69,0.75,23,31,8,21,0.568,0.667,8,0.216,0.75,0.216,0.75,22.7,16.5,5.9,27.5,0.541,16.1,22.1,13.9,2.1,5.7,25.9
1610612763,Walter Clayton Jr.,1642383,MEM,PG,Combo,49,907,1959,343,100,166,29,12,66,0.527,0.296,15,85,162,52,0.177,0.519,79,0.27,0.532,0.553,0.296,-2.6,17.6,4.8,29.5,0.222,1.8,10.3,24.7,1.5,1.3,17
1610612753,Wendell Carter Jr.,1628976,ORL,C,Big,55,1634,3435,636,419,115,42,35,69,0.602,0.318,118,301,179,165,0.356,0.764,119,0.257,0.378,0.387,0.318,4.1,15.5,1.9,21.3,0.33,7.9,20.8,9.9,1.2,1.9,11.5
1610612765,Wendell Moore Jr.,1631111,DET,SG,Wing,5,54,114,10,6,3,2,2,1,0.667,0,1,5,1,5,0.714,0.8,1,0.143,0,0.143,0,7.6,6.8,0.2,9.9,0.286,2.1,10.1,6.8,1.8,3.7,11.3
1610612744,Will Richard,1642954,GSW,SG,Combo,52,1009,2166,351,130,72,61,6,41,0.667,0.349,51,79,165,69,0.257,0.783,33,0.123,0.424,0.619,0.349,4.9,13.8,1.6,18.8,0.184,5.5,8.7,9.8,2.9,0.5,12.4
1610612764,Will Riley,1642860,WAS,SF,Forward,49,822,1749,360,112,72,29,5,43,0.497,0.325,39,73,117,74,0.247,0.662,109,0.363,0.385,0.39,0.325,-2.3,19.2,2.8,26.8,0.273,5,9.4,12.4,1.7,0.5,11.3
1610612766,Xavier Tillman,1630214,CHA,C,Big,19,124,251,33,29,5,6,2,6,0.667,0.176,13,16,17,11,0.314,0.727,7,0.2,0.571,0.486,0.176,-8.8,14.4,0.6,18.3,0,11.8,14.2,5.4,2.5,1.6,14.6
1610612757,Yang Hansen,1642905,POR,C,Big,35,264,582,78,55,21,3,9,30,0.42,0.132,17,38,38,25,0.284,0.6,25,0.284,0.24,0.432,0.132,-16.7,19.8,1.5,26,0.295,6.8,15.8,10.6,0.5,3,23.2
1610612746,Yanic Konan Niederhäuser,1642949,LAC,C,Big,37,359,731,142,94,12,3,23,22,0.684,0.2,33,61,5,60,0.714,0.7,19,0.226,0.632,0.06,0.2,12.5,15.6,1.3,19.3,0.536,11.1,19.2,5,0.4,6.1,17.5
1610612741,Yuki Kawamura,1642530,CHI,PG,Point,4,76,169,20,16,22,5,0,4,0.25,0.308,3,13,13,3,0.176,0.333,1,0.059,0,0.765,0.308,-5,13.1,5.2,27.5,0.353,4.3,18.2,35.8,3.1,0,16.9
1610612740,Yves Missi,1642274,NOP,C,Big,47,907,1899,263,265,57,15,64,36,0.541,0,137,128,1,159,0.757,0.623,50,0.238,0.28,0.005,0,-0.8,12.6,0.9,17.3,0.31,16,15.5,8.4,0.8,6.8,13.1
1610612737,Zaccharie Risacher,1642258,ATL,SF,Wing,46,1116,2460,473,166,61,41,24,44,0.527,0.345,42,124,197,139,0.333,0.597,81,0.194,0.407,0.472,0.345,-2.7,18.2,1.6,22.8,0.149,4,12.1,7.5,1.7,1.9,9
1610612741,Zach Collins,1628380,CHI,C,Big,10,184,401,97,56,15,2,4,10,0.651,0.429,16,40,21,28,0.438,0.786,15,0.234,0.4,0.328,0.429,10.7,19,3.6,26,0.313,9.4,23.1,12.1,0.5,1.9,12.1
1610612763,Zach Edey,1641744,MEM,C,Big,11,284,603,150,122,12,7,21,26,0.656,0.2,43,79,5,53,0.541,0.717,40,0.408,0.575,0.051,0.2,11,20.1,2.1,25.9,0.327,16.2,29.8,6.5,1.2,6.9,18.8
1610612758,Zach LaVine,203897,SAC,SG,Big,39,1224,2568,748,108,89,28,10,74,0.556,0.39,8,100,254,119,0.218,0.714,174,0.318,0.448,0.464,0.39,5.5,23.7,4.2,32.2,0.26,0.7,9.4,11.4,1.1,0.7,10.8
1610612743,Zeke Nnaji,1630192,DEN,PF,Big,40,509,1036,166,110,22,14,20,22,0.595,0.275,29,81,40,68,0.548,0.706,16,0.129,0.125,0.323,0.275,2.7,14,0.9,18.1,0.323,6.8,17.2,5.6,1.3,3.6,13.4
1610612751,Ziaire Williams,1630533,BKN,SF,Wing,39,895,1859,372,101,32,47,19,41,0.604,0.313,21,80,201,67,0.226,0.716,29,0.098,0.345,0.677,0.313,0.2,18.1,1.3,22.2,0.263,2.6,10.9,5.5,2.6,1.9,11
1610612740,Zion Williamson,1629627,NOP,PF,Forward,43,1284,2788,943,258,150,44,26,94,0.587,0.25,98,160,4,410,0.683,0.683,186,0.31,0.376,0.007,0.25,7.1,27.4,3.6,36.8,0.56,8.1,13.7,19.6,1.6,1.9,11.2
